Season,Player,Team,Position,evo_rank,evd_rank,ppl_rank,pkl_rank,oio_rank,oid_rank,sht_rank,scr_rank,zon_rank,plm_rank,pen_rank,phy_rank,fof_rank,fan_rank,Role,GP,TOI,Goals,First Assists,Age,Date of Birth,Birth Country,Nationality,Height (in),Weight (lbs),Draft Year,Draft Round,Round Pick,Overall Draft Position,Contract Years,Cap Hit
2020-2021,Adam Erne,DET,LW,370.0,230.0,246.0,,397.0,227.0,271.0,251.0,344.0,370.0,367.0,45.0,,303.0,Bottom 6,45,626.45,11,3,30,1995-04-20,USA,USA,73,212,2013,2,3,33,,
2020-2021,Adam Gaudette,"CHI, VAN",C,263.0,377.0,249.0,,317.0,423.0,142.0,219.0,16.0,272.0,184.0,306.0,122.0,270.0,Bottom 6,40,444.85,5,3,28,1996-10-03,USA,USA,73,194,2015,5,28,149,,
2020-2021,Adam Henrique,ANA,C,110.0,276.0,152.0,199.0,199.0,336.0,186.0,70.0,118.0,242.0,148.0,268.0,20.0,133.0,Second Line,45,721.8,12,6,35,1990-02-06,CAN,CAN,72,195,2008,3,21,82,,
2020-2021,Adam Lowry,WPG,C,327.0,183.0,261.0,63.0,380.0,258.0,315.0,312.0,382.0,348.0,95.0,38.0,31.0,266.0,Second Line,52,808.46666666667,10,7,32,1993-03-29,USA,USA,78,208,2011,3,6,67,,
2020-2021,Adrian Kempe,LAK,C,276.0,294.0,36.0,115.0,194.0,209.0,114.0,220.0,171.0,126.0,300.0,250.0,196.0,163.0,Second Line,56,948.21666666667,14,13,28,1996-09-13,SWE,SWE,74,200,2014,1,29,29,,
2020-2021,Aleksander Barkov,FLA,C,16.0,63.0,38.0,97.0,39.0,111.0,72.0,40.0,129.0,16.0,21.0,417.0,16.0,12.0,First Line,50,1046.8666666667,26,25,29,1995-09-02,FIN,FIN,75,215,2013,1,2,2,,
2020-2021,Alex Barre-Boulet,TBL,C,445.0,22.0,,,340.0,8.0,299.0,292.0,248.0,449.0,424.0,403.0,,353.0,Bottom 6,15,228.78333333333,3,0,28,1997-05-21,CAN,CAN,70,180,-,-,-,-,,
2020-2021,Alex Chiasson,EDM,RW,388.0,302.0,33.0,,372.0,229.0,230.0,132.0,184.0,305.0,377.0,202.0,,250.0,Bottom 6,45,561.78333333333,9,3,34,1990-10-01,CAN,CAN,76,208,2009,2,8,38,,
2020-2021,Alex DeBrincat,CHI,LW,59.0,436.0,58.0,,276.0,421.0,37.0,12.0,95.0,86.0,33.0,293.0,,26.0,First Line,51,1045.8333333333,32,14,27,1997-12-18,USA,USA,68,178,2016,2,9,39,,
2020-2021,Alex Formenton,OTT,LW,368.0,351.0,,,441.0,386.0,335.0,185.0,409.0,426.0,363.0,193.0,,353.0,Bottom 6,20,239.88333333333,4,1,25,1999-09-13,CAN,CAN,75,195,2017,2,16,47,,
2020-2021,Alex Galchenyuk,"OTT, TOR","C, LW",154.0,367.0,242.0,,157.0,304.0,106.0,236.0,79.0,98.0,359.0,164.0,211.0,214.0,Bottom 6,34,432.01666666667,5,5,31,1994-02-12,USA,USA,73,194,2012,1,3,3,,
2020-2021,Alex Iafallo,LAK,LW,250.0,108.0,76.0,120.0,252.0,141.0,250.0,235.0,281.0,199.0,155.0,375.0,,122.0,First Line,55,1093.8,13,10,31,1993-12-21,USA,USA,72,200,-,-,-,-,,
2020-2021,Alex Killorn,TBL,LW,118.0,206.0,103.0,31.0,141.0,96.0,184.0,88.0,163.0,167.0,279.0,256.0,,125.0,Second Line,56,1001.6,15,11,35,1989-09-14,CAN,CAN,73,194,2007,3,16,77,,
2020-2021,Alex Ovechkin,WSH,LW,9.0,391.0,29.0,,286.0,351.0,1.0,2.0,9.0,125.0,126.0,103.0,,5.0,First Line,45,877.58333333333,24,11,39,1985-09-17,RUS,RUS,75,238,2004,1,1,1,,
2020-2021,Alex Tuch,VGK,RW,87.0,35.0,100.0,,152.0,72.0,40.0,98.0,89.0,161.0,34.0,206.0,,106.0,Second Line,55,925.45,18,11,29,1996-05-10,USA,USA,76,219,2014,1,18,18,,
2020-2021,Alex Wennberg,FLA,C,336.0,120.0,219.0,126.0,271.0,215.0,438.0,182.0,302.0,386.0,371.0,420.0,160.0,224.0,First Line,56,1017.35,17,7,30,1994-09-22,SWE,SWE,74,190,2013,1,14,14,,
2020-2021,Alexander Barabanov,"SJS, TOR",LW,411.0,348.0,,,301.0,430.0,414.0,338.0,394.0,341.0,425.0,416.0,,343.0,Bottom 6,22,270.85,3,2,31,1994-06-17,RUS,RUS,70,195,-,-,-,-,,
2020-2021,Alexander Kerfoot,TOR,C,245.0,129.0,268.0,155.0,166.0,150.0,351.0,298.0,157.0,179.0,207.0,307.0,99.0,232.0,Bottom 6,56,808.88333333333,8,8,30,1994-08-11,CAN,CAN,71,186,2012,5,29,150,,
2020-2021,Alexander Volkov,"ANA, TBL",RW,390.0,274.0,,,447.0,412.0,440.0,198.0,291.0,434.0,429.0,234.0,,342.0,Bottom 6,37,431.0,7,1,27,1997-08-02,RUS,RUS,73,195,2017,2,17,48,,
2020-2021,Alexandre Texier,CBJ,C,347.0,280.0,237.0,139.0,312.0,301.0,323.0,381.0,339.0,322.0,356.0,288.0,184.0,330.0,Second Line,49,776.13333333333,4,6,25,1999-09-13,FRA,FRA,73,186,2017,2,14,45,,
2020-2021,Alexis Lafreniere,NYR,LW,281.0,444.0,224.0,,319.0,442.0,419.0,222.0,301.0,373.0,410.0,323.0,,362.0,Bottom 6,56,777.41666666667,12,6,23,2001-10-11,CAN,CAN,73,195,2020,1,1,1,,
2020-2021,Anders Bjork,"BOS, BUF",LW,367.0,159.0,,137.0,293.0,145.0,429.0,351.0,322.0,375.0,378.0,243.0,,402.0,Bottom 6,45,624.68333333333,5,4,28,1996-08-05,USA,USA,72,190,2014,5,26,146,,
2020-2021,Anders Lee,NYI,LW,36.0,228.0,102.0,,45.0,255.0,39.0,35.0,62.0,172.0,188.0,179.0,189.0,58.0,Second Line,27,473.2,12,5,35,1990-07-03,USA,USA,75,235,2009,6,1,152,,
2020-2021,Andre Burakovsky,COL,LW,14.0,178.0,198.0,,10.0,160.0,151.0,25.0,126.0,45.0,158.0,382.0,,100.0,Bottom 6,53,799.85,19,15,30,1995-02-09,AUT,SWE,75,209,2013,1,23,23,,
2020-2021,Andreas Athanasiou,LAK,C,125.0,427.0,157.0,,333.0,410.0,82.0,133.0,138.0,130.0,37.0,383.0,215.0,148.0,Bottom 6,47,702.61666666667,10,9,30,1994-08-06,CAN,CAN,74,190,2012,4,19,110,,
2020-2021,Andreas Johnsson,NJD,LW,236.0,162.0,154.0,,30.0,188.0,264.0,279.0,48.0,273.0,129.0,257.0,,256.0,Bottom 6,50,696.7,5,4,30,1994-11-21,SWE,SWE,70,195,2013,7,21,202,,
2020-2021,Andrei Svechnikov,CAR,RW,65.0,317.0,20.0,,9.0,204.0,31.0,82.0,122.0,80.0,343.0,110.0,,65.0,Second Line,55,964.65,15,13,25,2000-03-26,RUS,RUS,74,195,2018,1,2,2,,
2020-2021,Andrew Cogliano,DAL,C,353.0,68.0,,26.0,263.0,38.0,277.0,412.0,367.0,323.0,145.0,135.0,,364.0,Bottom 6,54,752.01666666667,5,4,38,1987-06-14,CAN,CAN,70,179,2005,1,25,25,,
2020-2021,Andrew Copp,WPG,C,202.0,303.0,197.0,48.0,167.0,294.0,241.0,215.0,283.0,157.0,71.0,242.0,53.0,137.0,First Line,55,1003.1333333333,15,13,31,1994-07-08,USA,USA,73,199,2013,4,13,104,,
2020-2021,Andrew Mangiapane,CGY,LW,37.0,40.0,259.0,149.0,62.0,37.0,217.0,62.0,251.0,140.0,114.0,220.0,,180.0,Second Line,56,933.31666666667,18,12,29,1996-04-04,CAN,CAN,70,184,2015,6,15,166,,
2020-2021,Andrew Shaw,CHI,RW,378.0,355.0,89.0,,242.0,338.0,177.0,293.0,228.0,198.0,208.0,78.0,70.0,206.0,Bottom 6,14,211.55,2,2,33,1991-07-20,CAN,CAN,71,182,2011,5,18,139,,
2020-2021,Anthony Angello,PIT,C,352.0,46.0,,,405.0,13.0,284.0,282.0,383.0,208.0,451.0,7.0,,434.0,Fringe,19,151.68333333333,2,2,29,1996-03-06,USA,USA,77,210,2014,5,25,145,,
2020-2021,Anthony Beauvillier,NYI,LW,148.0,329.0,128.0,,284.0,276.0,129.0,85.0,239.0,238.0,44.0,252.0,,130.0,Second Line,47,770.85,15,6,28,1997-06-08,CAN,CAN,71,180,2015,1,28,28,,
2020-2021,Anthony Cirelli,TBL,C,264.0,64.0,202.0,30.0,109.0,64.0,355.0,238.0,254.0,210.0,10.0,209.0,75.0,170.0,Second Line,50,887.35,9,4,27,1997-07-15,CAN,CAN,72,189,2015,3,11,72,,
2020-2021,Anthony Duclair,FLA,LW,31.0,247.0,140.0,186.0,49.0,203.0,35.0,71.0,57.0,60.0,35.0,309.0,,97.0,Second Line,43,674.43333333333,10,14,29,1995-08-26,CAN,CAN,71,197,2013,3,19,80,,
2020-2021,Anthony Mantha,"DET, WSH",RW,116.0,164.0,111.0,,130.0,99.0,48.0,81.0,93.0,105.0,224.0,274.0,,69.0,First Line,56,1014.9333333333,15,10,30,1994-09-16,CAN,CAN,77,234,2013,1,20,20,,
2020-2021,Antoine Roussel,VAN,LW,305.0,430.0,276.0,172.0,126.0,418.0,352.0,365.0,221.0,269.0,446.0,81.0,,374.0,Bottom 6,35,402.7,1,3,35,1989-11-21,FRA,FRA,71,200,-,-,-,-,,
2020-2021,Anze Kopitar,LAK,C,177.0,223.0,39.0,106.0,134.0,241.0,310.0,224.0,305.0,27.0,50.0,368.0,7.0,54.0,First Line,56,1186.2333333333,13,24,37,1987-08-24,SVN,SVN,75,225,2005,1,11,11,,
2020-2021,Artem Anisimov,OTT,C,130.0,363.0,244.0,200.0,186.0,405.0,113.0,176.0,167.0,113.0,266.0,405.0,105.0,196.0,Bottom 6,19,228.48333333333,2,4,37,1988-05-24,RUS,RUS,76,199,2006,2,24,54,,
2020-2021,Artemi Panarin,NYR,LW,13.0,390.0,16.0,,55.0,262.0,73.0,36.0,91.0,2.0,60.0,439.0,,11.0,First Line,42,825.0,17,25,33,1991-10-30,RUS,RUS,72,173,-,-,-,-,,
2020-2021,Arttu Ruotsalainen,BUF,C,191.0,454.0,,,366.0,452.0,295.0,91.0,363.0,422.0,440.0,273.0,,307.0,Bottom 6,17,237.68333333333,5,1,27,1997-10-29,FIN,FIN,68,187,-,-,-,-,,
2020-2021,Artturi Lehkonen,MTL,LW,150.0,47.0,,96.0,169.0,24.0,134.0,268.0,154.0,340.0,52.0,105.0,,228.0,Bottom 6,47,630.91666666667,7,2,30,1995-07-04,FIN,FIN,71,179,2013,2,25,55,,
2020-2021,Austin Wagner,LAK,LW,228.0,263.0,,,324.0,182.0,65.0,297.0,146.0,364.0,79.0,25.0,,357.0,Bottom 6,44,462.03333333333,4,3,28,1997-06-23,CAN,CAN,73,195,2015,4,8,99,,
2020-2021,Austin Watson,OTT,LW,344.0,53.0,,20.0,381.0,340.0,298.0,332.0,440.0,300.0,263.0,18.0,,254.0,Bottom 6,34,408.08333333333,3,3,33,1992-01-13,USA,USA,76,204,2010,1,18,18,,
2020-2021,Auston Matthews,TOR,C,2.0,74.0,12.0,,81.0,167.0,6.0,1.0,67.0,78.0,39.0,356.0,43.0,3.0,First Line,52,1120.7666666667,41,15,27,1997-09-17,USA,USA,75,208,2016,1,1,1,,
2020-2021,Barclay Goodrow,TBL,C,340.0,19.0,,73.0,95.0,34.0,361.0,378.0,276.0,325.0,385.0,71.0,66.0,277.0,Bottom 6,55,831.63333333333,6,6,32,1993-02-26,CAN,CAN,74,204,-,-,-,-,,
2020-2021,Barrett Hayton,ARI,C,317.0,433.0,,,73.0,409.0,403.0,336.0,44.0,429.0,164.0,201.0,136.0,425.0,Bottom 6,14,160.85,2,0,25,2000-06-09,CAN,CAN,73,207,2018,1,5,5,,
2020-2021,Blake Coleman,TBL,C,82.0,93.0,,33.0,182.0,83.0,43.0,87.0,336.0,314.0,251.0,64.0,213.0,113.0,Bottom 6,55,850.58333333333,14,7,33,1991-11-28,USA,USA,71,199,2011,3,14,75,,
2020-2021,Blake Comeau,DAL,LW,359.0,124.0,,84.0,256.0,54.0,339.0,386.0,407.0,362.0,326.0,80.0,,316.0,Second Line,51,802.75,4,6,39,1986-02-18,CAN,CAN,73,200,2004,2,17,47,,
2020-2021,Blake Lizotte,LAK,C,400.0,332.0,280.0,110.0,112.0,360.0,385.0,413.0,307.0,385.0,228.0,287.0,132.0,380.0,Bottom 6,41,520.95,3,1,27,1997-12-13,USA,USA,69,170,-,-,-,-,,
2020-2021,Blake Wheeler,WPG,RW,92.0,400.0,48.0,201.0,162.0,426.0,143.0,122.0,68.0,13.0,347.0,207.0,203.0,30.0,First Line,50,917.03333333333,15,20,38,1986-08-31,USA,USA,77,220,2004,1,5,5,,
2020-2021,Bo Horvat,VAN,C,190.0,389.0,109.0,,133.0,434.0,154.0,100.0,362.0,163.0,160.0,302.0,10.0,53.0,First Line,56,1113.8166666667,19,9,30,1995-04-05,CAN,CAN,72,215,2013,1,9,9,,
2020-2021,Bobby Ryan,DET,RW,128.0,135.0,153.0,,176.0,194.0,70.0,162.0,53.0,188.0,317.0,157.0,,176.0,Bottom 6,33,505.71666666667,7,6,38,1987-03-17,USA,USA,74,208,2005,1,2,2,,
2020-2021,Boone Jenner,CBJ,C,208.0,144.0,175.0,10.0,249.0,339.0,172.0,295.0,421.0,317.0,156.0,141.0,17.0,129.0,Second Line,41,737.96666666667,8,5,32,1993-06-15,CAN,CAN,74,203,2011,2,7,37,,
2020-2021,Brad Marchand,BOS,"C, LW",6.0,117.0,21.0,29.0,11.0,20.0,78.0,9.0,63.0,5.0,193.0,258.0,,10.0,First Line,53,1002.25,29,26,37,1988-05-11,CAN,CAN,69,176,2006,3,8,71,,
2020-2021,Brad Richardson,NSH,RW,271.0,52.0,,170.0,217.0,148.0,332.0,366.0,450.0,222.0,332.0,196.0,34.0,320.0,Bottom 6,17,208.48333333333,1,3,40,1985-02-04,CAN,CAN,72,190,2003,5,27,163,,
2020-2021,Brady Tkachuk,OTT,LW,34.0,397.0,129.0,,150.0,396.0,7.0,106.0,169.0,109.0,31.0,20.0,150.0,37.0,First Line,56,1020.8666666667,17,11,25,1999-09-16,USA,USA,76,221,2018,1,4,4,,
2020-2021,Brandon Hagel,CHI,LW,312.0,335.0,,,427.0,422.0,261.0,337.0,418.0,177.0,304.0,246.0,,275.0,Bottom 6,51,709.68333333333,8,10,26,1998-08-27,CAN,CAN,74,179,2016,6,8,159,,
2020-2021,Brandon Saad,COL,LW,33.0,381.0,166.0,160.0,33.0,329.0,139.0,27.0,130.0,334.0,152.0,379.0,,139.0,Bottom 6,44,619.5,15,2,32,1992-10-27,USA,USA,73,215,2011,2,13,43,,
2020-2021,Brandon Sutter,VAN,C,279.0,429.0,,92.0,290.0,440.0,286.0,212.0,417.0,402.0,20.0,367.0,46.0,257.0,Bottom 6,43,648.35,9,2,36,1989-02-14,USA,CAN,75,190,2007,1,11,11,,
2020-2021,Brandon Tanev,PIT,LW,262.0,4.0,,13.0,339.0,17.0,326.0,187.0,432.0,263.0,43.0,8.0,,186.0,Bottom 6,32,461.93333333333,7,5,33,1991-12-31,CAN,CAN,72,189,-,-,-,-,,
2020-2021,Brayden Point,TBL,C,49.0,83.0,66.0,,79.0,75.0,153.0,24.0,26.0,46.0,7.0,423.0,65.0,35.0,First Line,56,1032.4166666667,23,12,29,1996-03-13,CAN,CAN,71,180,2014,3,19,79,,
2020-2021,Brayden Schenn,STL,C,231.0,207.0,25.0,,240.0,211.0,255.0,108.0,191.0,70.0,330.0,131.0,62.0,90.0,First Line,56,1072.0333333333,16,15,33,1991-08-22,CAN,CAN,73,199,2009,1,5,5,,
2020-2021,Brendan Gallagher,MTL,RW,1.0,39.0,151.0,,15.0,28.0,2.0,15.0,326.0,221.0,143.0,188.0,,40.0,Bottom 6,35,525.33333333333,14,3,33,1992-05-06,CAN,CAN,69,186,2010,5,27,147,,
2020-2021,Brendan Lemieux,"LAK, NYR",LW,293.0,333.0,273.0,,390.0,407.0,227.0,305.0,145.0,243.0,38.0,16.0,,325.0,Bottom 6,49,496.48333333333,4,5,29,1996-03-15,USA,USA,73,215,2014,2,1,31,,
2020-2021,Brett Connolly,"CHI, FLA",RW,268.0,193.0,256.0,,225.0,140.0,303.0,172.0,177.0,306.0,243.0,181.0,,293.0,Bottom 6,30,363.98333333333,3,3,33,1992-05-02,CAN,CAN,75,198,2010,1,6,6,,
2020-2021,Brett Howden,NYR,C,429.0,347.0,291.0,64.0,337.0,419.0,443.0,417.0,216.0,344.0,118.0,161.0,89.0,360.0,Bottom 6,42,527.5,1,3,27,1998-03-29,CAN,CAN,74,203,2016,1,27,27,,
2020-2021,Brett Ritchie,CGY,RW,330.0,197.0,,,371.0,60.0,216.0,330.0,208.0,313.0,414.0,4.0,,406.0,Bottom 6,32,363.93333333333,4,3,32,1993-07-01,CAN,CAN,76,215,2011,2,14,44,,
2020-2021,Brock Boeser,VAN,RW,107.0,386.0,64.0,,156.0,353.0,59.0,57.0,8.0,83.0,213.0,399.0,,41.0,First Line,56,1081.9,23,16,28,1997-02-25,USA,USA,73,208,2015,1,23,23,,
2020-2021,Brock McGinn,CAR,LW,197.0,165.0,,40.0,80.0,130.0,256.0,262.0,158.0,382.0,27.0,168.0,,289.0,Bottom 6,37,554.46666666667,8,2,31,1994-02-02,CAN,CAN,72,187,2012,2,17,47,,
2020-2021,Brock Nelson,NYI,C,160.0,324.0,60.0,116.0,297.0,315.0,146.0,64.0,268.0,173.0,204.0,352.0,69.0,81.0,Second Line,56,998.83333333333,18,10,33,1991-10-15,USA,USA,76,210,2010,1,30,30,,
2020-2021,Bryan Rust,PIT,RW,84.0,240.0,195.0,148.0,105.0,228.0,97.0,38.0,6.0,145.0,172.0,229.0,,36.0,First Line,56,1104.55,22,10,33,1992-05-11,USA,USA,71,192,2010,3,20,80,,
2020-2021,Cal Clutterbuck,NYI,RW,417.0,72.0,289.0,89.0,388.0,107.0,406.0,402.0,393.0,320.0,139.0,12.0,,365.0,Bottom 6,50,671.56666666667,4,6,37,1987-11-18,CAN,CAN,72,212,2006,3,9,72,,
2020-2021,Calle Jarnkrok,NSH,C,218.0,182.0,73.0,58.0,187.0,158.0,206.0,148.0,160.0,220.0,65.0,370.0,209.0,158.0,Second Line,48,802.63333333333,13,7,33,1991-09-25,SWE,SWE,72,192,2010,2,21,51,,
2020-2021,Cam Atkinson,CBJ,RW,111.0,325.0,104.0,5.0,268.0,282.0,22.0,103.0,31.0,169.0,122.0,426.0,,62.0,First Line,56,1059.1333333333,15,12,36,1989-06-05,USA,USA,68,176,2008,6,6,157,,
2020-2021,Carl Grundstrom,LAK,RW,389.0,448.0,,,395.0,450.0,330.0,358.0,375.0,427.0,439.0,79.0,,382.0,Bottom 6,47,584.81666666667,6,2,27,1997-12-01,SWE,SWE,72,195,2016,2,27,57,,
2020-2021,Carl Hagelin,WSH,LW,207.0,166.0,,42.0,197.0,57.0,215.0,361.0,413.0,158.0,256.0,350.0,,276.0,Bottom 6,56,789.65,6,8,36,1988-08-23,SWE,SWE,72,183,2007,6,17,168,,
2020-2021,Carl Soderberg,"CHI, COL",C,302.0,268.0,130.0,11.0,320.0,356.0,252.0,193.0,350.0,231.0,237.0,171.0,74.0,173.0,Bottom 6,45,648.0,7,6,39,1985-10-12,SWE,SWE,75,210,2004,2,19,49,,
2020-2021,Carter Rowney,ANA,C,399.0,239.0,,68.0,361.0,378.0,452.0,428.0,428.0,92.0,144.0,39.0,210.0,348.0,Bottom 6,19,271.18333333333,0,5,36,1989-05-10,CAN,CAN,74,208,-,-,-,-,,
2020-2021,Carter Verhaeghe,FLA,C,52.0,141.0,234.0,,22.0,74.0,166.0,46.0,266.0,219.0,391.0,310.0,,150.0,Second Line,43,762.53333333333,18,10,29,1995-08-14,CAN,CAN,74,180,2013,3,21,82,,
2020-2021,Casey Cizikas,NYI,C,320.0,55.0,,77.0,418.0,46.0,322.0,214.0,404.0,366.0,233.0,54.0,32.0,282.0,Bottom 6,56,774.48333333333,7,5,34,1991-02-27,CAN,CAN,71,190,2009,4,1,92,,
2020-2021,Casey Mittelstadt,BUF,C,337.0,370.0,137.0,,254.0,337.0,334.0,199.0,124.0,251.0,105.0,422.0,97.0,252.0,Second Line,41,651.16666666667,10,6,26,1998-11-22,USA,USA,73,195,2017,1,8,8,,
2020-2021,Cedric Paquette,"CAR, OTT",C,369.0,18.0,,152.0,309.0,61.0,360.0,313.0,214.0,415.0,293.0,5.0,185.0,371.0,Bottom 6,47,439.28333333333,4,0,31,1993-08-13,CAN,CAN,72,205,2012,4,10,101,,
2020-2021,Chandler Stephenson,VGK,C,183.0,94.0,253.0,9.0,27.0,163.0,402.0,208.0,112.0,155.0,138.0,295.0,151.0,193.0,First Line,51,922.93333333333,14,13,31,1994-04-22,CAN,CAN,72,209,2012,3,16,77,,
2020-2021,Charlie Coyle,BOS,C,255.0,96.0,172.0,1.0,223.0,90.0,248.0,311.0,175.0,229.0,81.0,224.0,93.0,202.0,Second Line,51,830.75,6,5,33,1992-03-02,USA,USA,75,223,2010,1,28,28,,
2020-2021,Chris Kreider,NYR,LW,127.0,265.0,30.0,,171.0,296.0,123.0,26.0,275.0,212.0,348.0,94.0,,76.0,Second Line,50,869.86666666667,20,7,34,1991-04-30,USA,USA,75,230,2009,1,19,19,,
2020-2021,Chris Tierney,OTT,C,346.0,379.0,263.0,78.0,190.0,371.0,426.0,362.0,372.0,123.0,153.0,385.0,85.0,247.0,Bottom 6,55,824.45,6,9,31,1994-07-01,CAN,CAN,73,191,2012,2,25,55,,
2020-2021,Chris Wagner,BOS,RW,420.0,70.0,,60.0,431.0,84.0,231.0,401.0,446.0,441.0,336.0,33.0,204.0,384.0,Bottom 6,41,479.16666666667,2,0,34,1991-05-27,USA,USA,72,192,2010,5,2,122,,
2020-2021,Christian Dvorak,ARI,C,331.0,356.0,184.0,145.0,253.0,393.0,340.0,155.0,330.0,288.0,318.0,353.0,126.0,159.0,First Line,56,1030.7833333333,17,7,29,1996-02-02,USA,USA,73,193,2014,2,28,58,,
2020-2021,Christian Fischer,ARI,RW,372.0,328.0,293.0,147.0,326.0,327.0,296.0,372.0,374.0,376.0,67.0,28.0,,383.0,Bottom 6,52,662.96666666667,3,4,28,1997-04-15,USA,USA,74,212,2015,2,2,32,,
2020-2021,Claude Giroux,PHI,C,72.0,226.0,71.0,151.0,31.0,77.0,102.0,114.0,195.0,54.0,55.0,381.0,4.0,66.0,First Line,54,977.7,16,15,37,1988-01-12,CAN,CAN,71,190,2006,1,22,22,,
2020-2021,Clayton Keller,ARI,RW,90.0,322.0,126.0,,103.0,270.0,69.0,166.0,22.0,91.0,30.0,424.0,,116.0,Second Line,56,932.86666666667,14,11,26,1998-07-29,USA,USA,70,178,2016,1,7,7,,
2020-2021,Cody Eakin,BUF,C,386.0,392.0,288.0,75.0,329.0,387.0,410.0,364.0,279.0,359.0,173.0,241.0,48.0,366.0,Bottom 6,46,594.96666666667,3,2,34,1991-05-24,CAN,CAN,72,196,2009,3,24,85,,
2020-2021,Cody Glass,VGK,C,412.0,114.0,183.0,,275.0,122.0,407.0,335.0,197.0,247.0,296.0,407.0,142.0,336.0,Bottom 6,27,392.58333333333,4,4,26,1999-04-01,CAN,CAN,75,206,2017,1,6,6,,
2020-2021,Colin Blackwell,NYR,C,241.0,292.0,230.0,,302.0,367.0,329.0,167.0,347.0,206.0,215.0,174.0,,265.0,Bottom 6,47,658.3,12,5,32,1993-03-28,USA,USA,69,190,2011,7,13,193,,
2020-2021,Colin White,OTT,C,294.0,330.0,145.0,,93.0,308.0,283.0,242.0,244.0,308.0,245.0,233.0,118.0,222.0,Bottom 6,45,661.1,10,4,28,1997-01-30,USA,USA,73,194,2015,1,21,21,,
2020-2021,Colton Sceviour,PIT,"C, RW",210.0,25.0,,24.0,343.0,106.0,158.0,334.0,422.0,294.0,94.0,98.0,,294.0,Bottom 6,46,440.65,5,3,36,1989-04-20,CAN,CAN,72,190,2007,4,21,112,,
2020-2021,Colton Sissons,NSH,C,362.0,54.0,292.0,47.0,363.0,50.0,424.0,288.0,442.0,383.0,358.0,144.0,40.0,317.0,Bottom 6,53,760.5,7,4,31,1993-11-05,CAN,CAN,73,200,2012,2,20,50,,
2020-2021,Connor Brown,OTT,RW,132.0,286.0,204.0,83.0,160.0,345.0,214.0,126.0,381.0,277.0,169.0,406.0,,121.0,First Line,56,1021.5666666667,21,6,31,1994-01-14,CAN,CAN,72,181,2012,6,5,156,,
2020-2021,Connor Bunnaman,PHI,C,449.0,155.0,,,448.0,129.0,430.0,449.0,341.0,433.0,360.0,88.0,135.0,446.0,Bottom 6,18,208.13333333333,0,1,27,1998-04-16,CAN,CAN,73,207,2016,4,18,109,,
2020-2021,Connor McDavid,EDM,C,5.0,412.0,2.0,,32.0,381.0,51.0,8.0,51.0,1.0,6.0,349.0,78.0,1.0,First Line,56,1240.6,33,50,28,1997-01-13,CAN,CAN,73,193,2015,1,1,1,,
2020-2021,Conor Garland,ARI,RW,24.0,184.0,90.0,,68.0,217.0,27.0,68.0,33.0,49.0,11.0,364.0,,86.0,Second Line,49,878.11666666667,12,22,29,1996-03-11,USA,USA,70,165,2015,5,2,123,,
2020-2021,Conor Sheary,WSH,LW,123.0,49.0,164.0,,165.0,48.0,164.0,115.0,96.0,301.0,86.0,377.0,,215.0,Bottom 6,53,726.63333333333,14,4,33,1992-06-08,USA,USA,69,179,-,-,-,-,,
2020-2021,Corey Perry,MTL,RW,306.0,125.0,201.0,,219.0,118.0,275.0,274.0,73.0,166.0,212.0,173.0,,253.0,Bottom 6,49,673.21666666667,9,8,40,1985-05-16,CAN,CAN,75,208,2003,1,28,28,,
2020-2021,Craig Smith,BOS,C,19.0,157.0,134.0,,28.0,105.0,15.0,80.0,92.0,193.0,254.0,200.0,,123.0,Bottom 6,54,803.25,13,9,35,1989-09-05,USA,USA,72,204,2009,4,7,98,,
2020-2021,Curtis Lazar,"BOS, BUF",C,398.0,102.0,,111.0,421.0,134.0,421.0,316.0,414.0,384.0,253.0,86.0,133.0,386.0,Bottom 6,50,666.18333333333,7,3,30,1995-02-02,CAN,CAN,72,203,2013,1,17,17,,
2020-2021,Daniel Sprong,WSH,RW,41.0,425.0,279.0,,255.0,365.0,63.0,29.0,40.0,327.0,400.0,300.0,,239.0,Bottom 6,42,490.08333333333,13,4,28,1997-03-17,NLD,NLD,72,202,2015,2,16,46,,
2020-2021,Danton Heinen,ANA,LW,244.0,127.0,248.0,153.0,287.0,268.0,182.0,283.0,181.0,223.0,68.0,324.0,,221.0,Bottom 6,43,634.86666666667,7,6,30,1995-07-05,CAN,CAN,73,188,2014,4,26,116,,
2020-2021,Darren Helm,DET,LW,365.0,248.0,,90.0,313.0,185.0,203.0,389.0,342.0,410.0,116.0,218.0,,321.0,Bottom 6,47,689.85,3,2,38,1987-01-21,CAN,CAN,72,192,2005,5,7,132,,
2020-2021,David Backes,ANA,RW,206.0,15.0,285.0,,294.0,43.0,45.0,285.0,361.0,287.0,409.0,48.0,79.0,238.0,Bottom 6,15,191.01666666667,3,0,41,1984-05-01,USA,USA,75,215,2003,2,32,62,,
2020-2021,David Kampf,CHI,C,383.0,307.0,,103.0,229.0,346.0,381.0,435.0,398.0,302.0,101.0,290.0,49.0,391.0,Bottom 6,55,804.36666666667,1,6,30,1995-01-12,CZE,CZE,74,197,-,-,-,-,,
2020-2021,David Krejci,BOS,C,186.0,36.0,68.0,,43.0,18.0,342.0,266.0,13.0,14.0,249.0,384.0,50.0,108.0,Second Line,51,873.91666666667,8,24,39,1986-04-28,CZE,CZE,72,192,2004,2,33,63,,
2020-2021,David Pastrnak,BOS,RW,3.0,100.0,7.0,,67.0,22.0,5.0,3.0,50.0,9.0,22.0,329.0,,6.0,First Line,48,893.66666666667,20,21,29,1996-05-25,CZE,CZE,73,195,2014,1,25,25,,
2020-2021,David Perron,STL,LW,185.0,192.0,10.0,,244.0,113.0,79.0,48.0,261.0,37.0,313.0,292.0,,34.0,First Line,56,1038.75,19,20,37,1988-05-28,CAN,CAN,73,196,2007,1,26,26,,
2020-2021,Denis Gurianov,DAL,RW,156.0,212.0,194.0,,226.0,125.0,52.0,109.0,39.0,250.0,80.0,195.0,,171.0,Second Line,55,871.8,12,10,28,1997-06-07,RUS,RUS,75,205,2015,1,12,12,,
2020-2021,Derek Grant,ANA,C,307.0,426.0,,49.0,406.0,441.0,236.0,233.0,437.0,295.0,354.0,145.0,52.0,234.0,Bottom 6,46,669.78333333333,6,4,35,1990-04-20,CAN,CAN,75,210,2008,4,28,119,,
2020-2021,Derek Ryan,CGY,C,172.0,16.0,257.0,56.0,61.0,10.0,358.0,379.0,256.0,99.0,48.0,419.0,44.0,300.0,Bottom 6,43,511.41666666667,2,8,38,1986-12-29,USA,USA,70,185,-,-,-,-,,
2020-2021,Derek Stepan,OTT,C,203.0,213.0,168.0,166.0,102.0,375.0,89.0,406.0,311.0,245.0,283.0,259.0,88.0,167.0,Bottom 6,20,301.28333333333,1,3,35,1990-06-18,USA,USA,71,196,2008,2,21,51,,
2020-2021,Derick Brassard,ARI,C,374.0,365.0,125.0,,291.0,288.0,276.0,269.0,186.0,307.0,244.0,120.0,51.0,269.0,Bottom 6,53,783.9,8,5,37,1987-09-22,CAN,CAN,73,200,2006,1,6,6,,
2020-2021,Devin Shore,EDM,C,394.0,201.0,284.0,131.0,357.0,362.0,412.0,272.0,304.0,291.0,252.0,85.0,,356.0,Bottom 6,38,415.03333333333,5,3,30,1994-07-19,CAN,CAN,73,206,2012,2,31,61,,
2020-2021,Dillon Dube,CGY,C,229.0,311.0,255.0,,228.0,208.0,211.0,228.0,210.0,309.0,63.0,175.0,,286.0,Bottom 6,51,695.61666666667,11,6,26,1998-07-20,CAN,CAN,71,185,2016,2,26,56,,
2020-2021,Dominik Kahun,EDM,C,155.0,341.0,262.0,,220.0,323.0,224.0,144.0,117.0,171.0,109.0,447.0,,240.0,Bottom 6,48,615.36666666667,9,4,30,1995-07-02,CZE,DEU,71,175,-,-,-,-,,
2020-2021,Dominik Kubalik,CHI,LW,83.0,437.0,182.0,,341.0,417.0,34.0,41.0,308.0,147.0,362.0,245.0,,109.0,Bottom 6,55,851.95,16,11,29,1995-08-21,CZE,CZE,74,190,2013,7,10,191,,
2020-2021,Drake Batherson,OTT,RW,247.0,421.0,231.0,,192.0,425.0,251.0,178.0,234.0,183.0,286.0,123.0,,172.0,Second Line,56,922.53333333333,17,12,27,1998-04-27,USA,USA,75,200,2017,4,28,121,,
2020-2021,Drake Caggiula,"ARI, BUF",C,212.0,416.0,,,184.0,414.0,249.0,232.0,212.0,237.0,196.0,61.0,,302.0,Bottom 6,38,471.3,3,4,31,1994-06-20,CAN,CAN,70,176,-,-,-,-,,
2020-2021,Dryden Hunt,ARI,LW,237.0,186.0,,,233.0,103.0,95.0,405.0,401.0,202.0,294.0,17.0,,332.0,Bottom 6,26,310.63333333333,3,3,29,1995-11-24,CAN,CAN,72,193,-,-,-,-,,
2020-2021,Dustin Brown,LAK,RW,129.0,366.0,80.0,203.0,234.0,232.0,76.0,92.0,287.0,176.0,90.0,125.0,,98.0,Second Line,49,863.43333333333,17,9,40,1984-11-04,USA,USA,72,205,2003,1,13,13,,
2020-2021,Dylan Cozens,BUF,C,328.0,445.0,223.0,,338.0,445.0,349.0,416.0,391.0,200.0,382.0,326.0,161.0,367.0,Bottom 6,41,588.58333333333,4,8,24,2001-02-09,CAN,CAN,75,195,2019,1,7,7,,
2020-2021,Dylan Gambrell,SJS,C,423.0,273.0,,141.0,342.0,389.0,445.0,398.0,355.0,431.0,365.0,189.0,143.0,361.0,Second Line,49,785.4,5,2,28,1996-08-26,USA,USA,71,185,2016,2,30,60,,
2020-2021,Dylan Larkin,DET,C,140.0,360.0,149.0,205.0,200.0,263.0,49.0,229.0,188.0,116.0,136.0,317.0,54.0,52.0,First Line,44,897.7,9,11,28,1996-07-30,USA,USA,73,198,2014,1,15,15,,
2020-2021,Dylan Strome,CHI,C,164.0,414.0,124.0,,94.0,432.0,238.0,161.0,111.0,103.0,280.0,434.0,95.0,152.0,Second Line,40,620.53333333333,9,6,28,1997-03-07,CAN,CAN,75,200,2015,1,3,3,,
2020-2021,Eeli Tolvanen,NSH,RW,424.0,235.0,210.0,,347.0,284.0,300.0,169.0,369.0,397.0,417.0,134.0,,219.0,Bottom 6,39,577.28333333333,10,3,26,1999-04-22,FIN,FIN,70,191,2017,1,30,30,,
2020-2021,Eetu Luostarinen,FLA,C,446.0,134.0,,125.0,404.0,271.0,451.0,436.0,419.0,439.0,311.0,198.0,165.0,436.0,Bottom 6,44,578.01666666667,3,1,26,1998-09-02,FIN,FIN,75,190,2017,2,11,42,,
2020-2021,Elias Lindholm,CGY,C,122.0,163.0,54.0,76.0,96.0,119.0,189.0,66.0,185.0,131.0,179.0,281.0,56.0,45.0,First Line,56,1114.2,19,12,30,1994-12-02,SWE,SWE,73,202,2013,1,5,5,,
2020-2021,Elias Pettersson,VAN,C,56.0,271.0,72.0,,76.0,286.0,105.0,34.0,1.0,61.0,1.0,372.0,181.0,38.0,First Line,26,482.78333333333,10,5,26,1998-11-12,SWE,SWE,74,176,2017,1,5,5,,
2020-2021,Emil Bemstrom,CBJ,C,371.0,69.0,277.0,,352.0,35.0,221.0,256.0,333.0,369.0,324.0,282.0,,315.0,Bottom 6,20,257.11666666667,3,1,26,1999-06-01,SWE,SWE,72,195,2017,4,24,117,,
2020-2021,Eric Robinson,CBJ,LW,277.0,132.0,,135.0,360.0,79.0,244.0,278.0,332.0,282.0,328.0,100.0,,349.0,Bottom 6,56,694.0,8,8,30,1995-06-14,USA,USA,74,205,-,-,-,-,,
2020-2021,Eric Staal,"BUF, MTL",C,251.0,296.0,135.0,,146.0,200.0,222.0,260.0,131.0,178.0,267.0,390.0,73.0,192.0,Bottom 6,53,780.16666666667,5,4,40,1984-10-29,CAN,CAN,76,195,2003,1,2,2,,
2020-2021,Erik Haula,NSH,LW,323.0,410.0,188.0,138.0,305.0,391.0,287.0,255.0,366.0,299.0,370.0,270.0,125.0,230.0,Second Line,50,796.98333333333,9,8,34,1991-03-23,FIN,FIN,71,191,2009,7,1,182,,
2020-2021,Evan Rodrigues,PIT,C,182.0,136.0,286.0,194.0,232.0,98.0,86.0,223.0,201.0,298.0,32.0,325.0,100.0,241.0,Bottom 6,35,493.66666666667,7,5,31,1993-07-28,CAN,CAN,71,184,-,-,-,-,,
2020-2021,Evander Kane,SJS,LW,50.0,387.0,47.0,35.0,158.0,358.0,16.0,42.0,259.0,81.0,397.0,118.0,201.0,28.0,First Line,56,1131.0333333333,22,19,33,1991-08-02,CAN,CAN,74,210,2009,1,4,4,,
2020-2021,Evgeni Malkin,PIT,C,60.0,298.0,15.0,,52.0,247.0,77.0,78.0,2.0,17.0,273.0,327.0,112.0,27.0,Second Line,33,585.45,8,8,38,1986-07-31,RUS,RUS,75,195,2004,1,2,2,,
2020-2021,Evgenii Dadonov,OTT,RW,112.0,293.0,150.0,,108.0,297.0,163.0,72.0,101.0,236.0,49.0,378.0,,132.0,Second Line,55,856.83333333333,13,5,36,1989-03-12,RUS,RUS,71,189,2007,3,10,71,,
2020-2021,Evgeny Kuznetsov,WSH,C,94.0,380.0,107.0,,128.0,331.0,198.0,142.0,4.0,25.0,322.0,361.0,124.0,87.0,Second Line,41,679.45,9,13,33,1992-05-19,RUS,RUS,74,207,2010,1,26,26,,
2020-2021,Evgeny Svechnikov,DET,RW,376.0,418.0,,,424.0,384.0,425.0,315.0,335.0,203.0,452.0,223.0,,378.0,Bottom 6,21,248.18333333333,3,3,28,1996-10-31,RUS,RUS,75,208,2015,1,19,19,,
2020-2021,Filip Chytil,NYR,C,99.0,284.0,264.0,,285.0,321.0,120.0,159.0,159.0,162.0,150.0,414.0,153.0,189.0,Bottom 6,42,555.45,8,8,25,1999-09-05,CZE,CZE,74,204,2017,1,21,21,,
2020-2021,Filip Forsberg,NSH,LW,42.0,266.0,18.0,191.0,60.0,261.0,10.0,63.0,34.0,59.0,163.0,205.0,,31.0,First Line,39,713.36666666667,12,9,30,1994-08-13,SWE,SWE,73,205,2012,1,11,11,,
2020-2021,Filip Zadina,DET,RW,375.0,413.0,181.0,,403.0,416.0,181.0,301.0,176.0,254.0,141.0,421.0,,200.0,Second Line,49,823.48333333333,6,8,25,1999-11-27,CZE,CZE,72,190,2018,1,6,6,,
2020-2021,Frank Vatrano,FLA,C,79.0,97.0,167.0,184.0,239.0,154.0,18.0,50.0,142.0,355.0,209.0,146.0,,118.0,Bottom 6,56,812.91666666667,18,3,31,1994-03-14,USA,USA,71,197,-,-,-,-,,
2020-2021,Frans Nielsen,DET,C,419.0,180.0,271.0,98.0,408.0,195.0,376.0,431.0,278.0,332.0,70.0,267.0,193.0,370.0,Bottom 6,29,351.91666666667,1,3,41,1984-04-24,DNK,DNK,73,186,2002,3,24,87,,
2020-2021,Frederick Gaudreau,PIT,C,292.0,29.0,,,124.0,52.0,404.0,390.0,441.0,259.0,340.0,363.0,129.0,355.0,Bottom 6,19,248.21666666667,2,3,32,1993-05-01,CAN,CAN,72,184,-,-,-,-,,
2020-2021,Gabriel Landeskog,COL,LW,80.0,20.0,49.0,,23.0,11.0,67.0,52.0,14.0,87.0,287.0,182.0,29.0,24.0,First Line,54,1077.6833333333,20,12,32,1992-11-23,SWE,SWE,73,215,2011,1,2,2,,
2020-2021,Gabriel Vilardi,LAK,C,392.0,402.0,218.0,,402.0,404.0,431.0,302.0,354.0,331.0,200.0,436.0,174.0,326.0,Bottom 6,54,796.58333333333,10,7,25,1999-08-16,CAN,CAN,75,215,2017,1,11,11,,
2020-2021,Gaetan Haas,EDM,C,438.0,23.0,,136.0,443.0,86.0,432.0,408.0,267.0,430.0,276.0,185.0,144.0,431.0,Bottom 6,34,385.88333333333,2,1,33,1992-01-31,CHE,CHE,72,181,-,-,-,-,,
2020-2021,Garnet Hathaway,WSH,RW,242.0,38.0,,6.0,257.0,47.0,297.0,276.0,423.0,280.0,98.0,6.0,,327.0,Bottom 6,56,690.71666666667,6,7,33,1991-11-23,USA,USA,75,208,-,-,-,-,,
2020-2021,Givani Smith,DET,RW,351.0,384.0,,,429.0,318.0,293.0,396.0,107.0,268.0,372.0,49.0,,415.0,Bottom 6,16,169.41666666667,1,2,27,1998-02-28,CAN,CAN,74,214,2016,2,16,46,,
2020-2021,Ilya Mikheyev,TOR,RW,175.0,291.0,,109.0,215.0,266.0,100.0,326.0,378.0,248.0,211.0,301.0,,213.0,Bottom 6,54,767.31666666667,7,6,30,1994-10-10,RUS,RUS,74,192,-,-,-,-,,
2020-2021,Isac Lundestrom,ANA,C,409.0,306.0,,123.0,409.0,374.0,428.0,367.0,263.0,435.0,448.0,418.0,168.0,403.0,Bottom 6,41,624.95,6,2,25,1999-11-06,SWE,SWE,72,193,2018,1,23,23,,
2020-2021,Ivan Barbashev,STL,C,273.0,315.0,,70.0,303.0,330.0,390.0,254.0,296.0,150.0,84.0,112.0,104.0,313.0,Bottom 6,38,507.41666666667,5,6,29,1995-12-14,RUS,RUS,73,195,2014,2,3,33,,
2020-2021,J.T. Compher,COL,LW,179.0,14.0,155.0,91.0,136.0,31.0,373.0,201.0,315.0,276.0,104.0,332.0,101.0,199.0,Bottom 6,48,682.43333333333,10,5,30,1995-04-08,USA,USA,72,190,2013,2,5,35,,
2020-2021,J.T. Miller,VAN,C,117.0,395.0,65.0,161.0,98.0,385.0,254.0,125.0,49.0,36.0,366.0,159.0,33.0,56.0,First Line,53,1111.1666666667,15,19,32,1993-03-14,USA,USA,73,218,2011,1,15,15,,
2020-2021,Jack Eichel,BUF,C,173.0,71.0,46.0,,123.0,42.0,46.0,191.0,45.0,69.0,24.0,337.0,90.0,17.0,First Line,21,430.46666666667,2,5,28,1996-10-28,USA,USA,74,207,2015,1,2,2,,
2020-2021,Jack Hughes,NJD,C,261.0,308.0,187.0,,251.0,239.0,161.0,357.0,100.0,170.0,82.0,448.0,146.0,183.0,First Line,56,1067.5333333333,11,14,24,2001-05-14,USA,USA,71,175,2019,1,1,1,,
2020-2021,Jack Roslovic,CBJ,C,209.0,373.0,200.0,,168.0,320.0,265.0,192.0,36.0,144.0,103.0,314.0,200.0,178.0,Second Line,48,811.31666666667,12,7,28,1997-01-29,USA,USA,73,200,2015,1,25,25,,
2020-2021,Jack Studnicka,BOS,C,439.0,257.0,,,452.0,380.0,317.0,443.0,269.0,423.0,321.0,427.0,170.0,416.0,Bottom 6,20,255.0,1,1,26,1999-02-18,CAN,CAN,73,187,2017,2,22,53,,
2020-2021,Jaden Schwartz,STL,LW,214.0,67.0,131.0,,188.0,87.0,183.0,205.0,190.0,124.0,124.0,289.0,,119.0,Second Line,40,708.13333333333,8,6,33,1992-06-25,CAN,CAN,70,185,2010,1,14,14,,
2020-2021,Jake DeBrusk,BOS,LW,153.0,86.0,108.0,,178.0,91.0,61.0,168.0,29.0,260.0,42.0,319.0,,151.0,Bottom 6,41,610.46666666667,5,5,28,1996-10-17,CAN,CAN,72,197,2015,1,14,14,,
2020-2021,Jake Evans,MTL,C,391.0,80.0,,127.0,325.0,153.0,370.0,434.0,368.0,270.0,338.0,107.0,158.0,394.0,Bottom 6,47,556.25,3,6,29,1996-06-02,CAN,CAN,72,186,2014,7,27,207,,
2020-2021,Jake Guentzel,PIT,LW,28.0,194.0,45.0,,34.0,202.0,87.0,23.0,3.0,32.0,72.0,298.0,,18.0,First Line,56,1134.9666666667,23,20,30,1994-10-06,USA,USA,71,180,2013,3,16,77,,
2020-2021,Jake Virtanen,VAN,RW,246.0,411.0,238.0,,315.0,424.0,91.0,153.0,255.0,365.0,250.0,58.0,,258.0,Bottom 6,38,465.6,5,0,28,1996-08-17,CAN,CAN,73,226,2014,1,6,6,,
2020-2021,Jakob Silfverberg,ANA,RW,192.0,234.0,127.0,94.0,277.0,311.0,140.0,160.0,189.0,321.0,257.0,398.0,,144.0,Second Line,47,796.35,8,3,34,1990-10-13,SWE,SWE,73,207,2009,2,9,39,,
2020-2021,Jakub Voracek,PHI,RW,86.0,264.0,83.0,,70.0,192.0,159.0,281.0,46.0,12.0,28.0,433.0,,88.0,Second Line,53,896.6,9,18,35,1989-08-15,CZE,CZE,74,216,2007,1,7,7,,
2020-2021,Jakub Vrana,"DET, WSH",LW,8.0,383.0,132.0,,202.0,302.0,44.0,14.0,52.0,56.0,187.0,359.0,,91.0,Bottom 6,50,750.35,19,11,29,1996-02-28,CZE,CZE,72,190,2014,1,13,13,,
2020-2021,James Neal,EDM,LW,253.0,260.0,69.0,,298.0,164.0,75.0,121.0,25.0,318.0,275.0,184.0,,191.0,Bottom 6,29,351.01666666667,5,3,37,1987-09-03,CAN,CAN,75,212,2005,2,3,33,,
2020-2021,James van Riemsdyk,PHI,LW,91.0,106.0,56.0,,139.0,63.0,66.0,47.0,87.0,106.0,219.0,366.0,,85.0,Second Line,56,926.45,17,11,36,1989-05-04,USA,USA,75,208,2007,1,2,2,,
2020-2021,Jamie Benn,DAL,LW,141.0,59.0,61.0,,92.0,51.0,84.0,150.0,24.0,102.0,292.0,119.0,36.0,83.0,Second Line,52,924.75,11,14,35,1989-07-18,CAN,CAN,74,205,2007,5,8,129,,
2020-2021,Janne Kuokkanen,NJD,"C, LW",325.0,336.0,222.0,,283.0,368.0,422.0,346.0,364.0,211.0,384.0,450.0,,297.0,Bottom 6,50,738.71666666667,8,9,27,1998-05-25,FIN,FIN,73,193,2016,2,13,43,,
2020-2021,Jansen Harkins,WPG,C,443.0,344.0,,,419.0,303.0,417.0,426.0,373.0,393.0,221.0,343.0,,442.0,Fringe,26,217.83333333333,1,1,28,1997-05-23,USA,USA,73,182,2015,2,17,47,,
2020-2021,Jared McCann,PIT,"C, LW",77.0,34.0,51.0,197.0,216.0,29.0,57.0,55.0,121.0,68.0,14.0,203.0,96.0,110.0,Bottom 6,43,606.9,14,12,29,1996-05-31,CAN,CAN,73,191,2014,1,24,24,,
2020-2021,Jaret Anderson-Dolan,LAK,C,373.0,450.0,,,423.0,451.0,433.0,226.0,352.0,419.0,436.0,162.0,175.0,350.0,Bottom 6,34,459.33333333333,7,2,25,1999-09-12,CAN,CAN,71,200,2017,2,10,41,,
2020-2021,Jason Dickinson,DAL,C,326.0,10.0,,36.0,147.0,21.0,357.0,347.0,324.0,353.0,36.0,149.0,107.0,271.0,Second Line,51,825.9,7,4,30,1995-07-04,CAN,CAN,74,200,2013,1,29,29,,
2020-2021,Jason Robertson,DAL,LW,38.0,210.0,215.0,,159.0,139.0,152.0,112.0,164.0,22.0,433.0,391.0,,112.0,Second Line,51,861.21666666667,17,21,25,1999-07-22,USA,USA,75,200,2017,2,8,39,,
2020-2021,Jason Spezza,TOR,C,51.0,258.0,27.0,180.0,155.0,137.0,135.0,147.0,88.0,18.0,239.0,374.0,12.0,225.0,Bottom 6,54,595.56666666667,10,15,42,1983-06-13,CAN,CAN,75,219,2001,1,2,2,,
2020-2021,Jason Zucker,PIT,LW,169.0,161.0,79.0,,261.0,170.0,175.0,90.0,23.0,160.0,142.0,165.0,,140.0,Second Line,38,596.13333333333,9,6,33,1992-01-16,USA,USA,71,192,2010,2,29,59,,
2020-2021,Jay Beagle,VAN,C,421.0,431.0,,86.0,328.0,444.0,448.0,444.0,454.0,339.0,202.0,130.0,6.0,426.0,Bottom 6,30,375.56666666667,1,3,39,1985-10-16,CAN,CAN,75,210,-,-,-,-,,
2020-2021,Jayce Hawryluk,VAN,C,286.0,309.0,,,214.0,305.0,415.0,307.0,246.0,181.0,210.0,37.0,,408.0,Bottom 6,30,289.21666666667,2,3,29,1996-01-01,CAN,CAN,71,196,2014,2,2,32,,
2020-2021,Jean-Gabriel Pageau,NYI,C,266.0,133.0,196.0,55.0,204.0,283.0,282.0,116.0,408.0,279.0,77.0,121.0,13.0,120.0,Second Line,54,906.66666666667,14,8,32,1992-11-11,CAN,CAN,71,185,2011,4,5,96,,
2020-2021,Jeff Carter,"LAK, PIT",C,55.0,305.0,147.0,87.0,241.0,275.0,26.0,96.0,187.0,252.0,402.0,271.0,63.0,103.0,Second Line,54,894.51666666667,17,8,40,1985-01-01,CAN,CAN,75,219,2003,1,11,11,,
2020-2021,Jeff Skinner,BUF,LW,135.0,245.0,169.0,,323.0,175.0,28.0,189.0,113.0,346.0,5.0,388.0,208.0,165.0,Bottom 6,53,769.7,7,4,33,1992-05-16,CAN,CAN,71,197,2010,1,7,7,,
2020-2021,Jesper Boqvist,NJD,C,377.0,403.0,,,432.0,413.0,279.0,275.0,412.0,420.0,178.0,278.0,,401.0,Bottom 6,28,312.33333333333,4,2,26,1998-10-30,SWE,SWE,72,180,2017,2,5,36,,
2020-2021,Jesper Bratt,NJD,LW,81.0,227.0,143.0,,84.0,205.0,137.0,204.0,98.0,50.0,46.0,342.0,,134.0,Second Line,46,739.5,7,11,26,1998-07-30,SWE,SWE,70,175,2016,6,11,162,,
2020-2021,Jesper Fast,CAR,RW,357.0,169.0,254.0,59.0,114.0,143.0,446.0,328.0,223.0,329.0,190.0,117.0,,280.0,Bottom 6,46,703.65,6,5,33,1991-12-02,SWE,SWE,73,191,2010,6,7,157,,
2020-2021,Jesperi Kotkaniemi,MTL,C,204.0,82.0,160.0,,47.0,101.0,213.0,333.0,71.0,290.0,166.0,139.0,113.0,274.0,Bottom 6,56,828.61666666667,5,9,25,2000-07-06,FIN,FIN,74,201,2018,1,3,3,,
2020-2021,Jesse Puljujarvi,EDM,RW,267.0,295.0,232.0,,196.0,298.0,195.0,206.0,218.0,380.0,302.0,143.0,,255.0,Bottom 6,55,832.05,15,5,27,1998-05-07,SWE,FIN,76,201,2016,1,4,4,,
2020-2021,Jimmy Vesey,"TOR, VAN",LW,324.0,338.0,290.0,54.0,365.0,334.0,291.0,319.0,217.0,360.0,87.0,279.0,,323.0,Bottom 6,50,635.41666666667,5,4,32,1993-05-26,USA,USA,75,202,2012,3,5,66,,
2020-2021,Joakim Nordstrom,CGY,C,403.0,50.0,,23.0,300.0,93.0,338.0,429.0,343.0,428.0,121.0,63.0,,396.0,Bottom 6,44,508.46666666667,1,1,33,1992-02-25,SWE,SWE,73,194,2010,3,30,90,,
2020-2021,Joe Pavelski,DAL,C,165.0,13.0,24.0,,53.0,14.0,148.0,43.0,69.0,151.0,88.0,275.0,45.0,59.0,First Line,56,1065.2333333333,25,14,40,1984-07-11,USA,USA,71,200,2003,7,8,205,,
2020-2021,Joe Thornton,TOR,C,290.0,130.0,95.0,,13.0,53.0,437.0,344.0,55.0,84.0,281.0,348.0,187.0,273.0,Bottom 6,44,603.68333333333,5,8,46,1979-07-02,CAN,CAN,76,220,1997,1,1,1,,
2020-2021,Joel Armia,MTL,RW,124.0,176.0,258.0,74.0,83.0,115.0,88.0,179.0,137.0,264.0,47.0,82.0,,174.0,Bottom 6,41,602.96666666667,7,5,32,1993-05-31,FIN,FIN,75,216,2011,1,16,16,,
2020-2021,Joel Eriksson Ek,MIN,C,109.0,26.0,266.0,16.0,273.0,15.0,194.0,163.0,303.0,180.0,53.0,115.0,115.0,161.0,Second Line,56,955.48333333333,19,9,28,1997-01-29,SWE,SWE,75,207,2015,1,20,20,,
2020-2021,Joel Farabee,PHI,LW,74.0,241.0,186.0,140.0,354.0,242.0,180.0,93.0,203.0,141.0,381.0,299.0,,157.0,Second Line,55,881.0,20,12,25,2000-02-25,USA,USA,72,183,2018,1,14,14,,
2020-2021,Joel Kiviranta,DAL,LW,274.0,76.0,,,348.0,152.0,368.0,131.0,82.0,234.0,437.0,137.0,,310.0,Bottom 6,26,316.51666666667,6,4,29,1996-03-23,FIN,FIN,71,185,-,-,-,-,,
2020-2021,Johan Larsson,ARI,LW,384.0,60.0,,85.0,311.0,76.0,418.0,343.0,406.0,400.0,106.0,129.0,82.0,339.0,Bottom 6,52,726.91666666667,8,2,32,1992-07-25,SWE,SWE,71,206,2010,2,26,56,,
2020-2021,John Hayden,ARI,C,416.0,75.0,,,428.0,253.0,371.0,380.0,327.0,414.0,407.0,9.0,,428.0,Bottom 6,29,284.6,2,2,30,1995-02-14,USA,USA,75,223,2013,3,13,74,,
2020-2021,John Leonard,SJS,LW,316.0,216.0,,,377.0,310.0,278.0,424.0,297.0,142.0,415.0,346.0,,390.0,Bottom 6,44,494.85,3,7,26,1998-08-07,USA,USA,71,196,2018,6,27,182,,
2020-2021,John Tavares,TOR,C,35.0,321.0,23.0,,71.0,278.0,24.0,37.0,123.0,24.0,85.0,335.0,14.0,22.0,First Line,56,1019.0333333333,19,18,34,1990-09-20,CAN,CAN,73,216,2009,1,1,1,,
2020-2021,Johnny Gaudreau,CGY,LW,64.0,406.0,31.0,,89.0,219.0,109.0,86.0,58.0,19.0,13.0,454.0,,47.0,First Line,56,1031.15,19,22,31,1993-08-13,USA,USA,69,165,2011,4,13,104,,
2020-2021,Jonathan Drouin,MTL,LW,144.0,342.0,148.0,,35.0,233.0,190.0,327.0,74.0,63.0,303.0,263.0,,175.0,Second Line,44,707.95,2,12,30,1995-03-28,CAN,CAN,71,198,2013,1,3,3,,
2020-2021,Jonathan Huberdeau,FLA,LW,29.0,289.0,44.0,,88.0,161.0,162.0,53.0,38.0,6.0,56.0,308.0,,25.0,First Line,55,1012.5666666667,20,22,32,1993-06-04,CAN,CAN,73,200,2011,1,3,3,,
2020-2021,Jonathan Marchessault,VGK,C,10.0,340.0,52.0,,19.0,259.0,8.0,65.0,97.0,40.0,226.0,230.0,214.0,39.0,Second Line,55,958.3,18,17,34,1990-12-27,CAN,CAN,69,183,-,-,-,-,,
2020-2021,Joonas Donskoi,COL,RW,66.0,138.0,199.0,168.0,64.0,207.0,228.0,61.0,94.0,139.0,110.0,409.0,,154.0,Bottom 6,51,741.5,17,9,33,1992-04-13,FIN,FIN,72,185,2010,4,9,99,,
2020-2021,Jordan Eberle,NYI,RW,53.0,196.0,142.0,,14.0,206.0,107.0,105.0,85.0,205.0,93.0,373.0,,107.0,Second Line,55,921.53333333333,16,9,35,1990-05-15,CAN,CAN,71,190,2008,1,22,22,,
2020-2021,Jordan Greenway,MIN,LW,198.0,51.0,,113.0,231.0,40.0,318.0,360.0,265.0,65.0,353.0,140.0,,217.0,Second Line,56,884.5,6,15,28,1997-02-16,USA,USA,78,231,2015,2,20,50,,
2020-2021,Jordan Kyrou,STL,C,71.0,272.0,236.0,,278.0,299.0,187.0,149.0,183.0,62.0,260.0,441.0,,216.0,Bottom 6,55,793.31666666667,14,16,27,1998-05-05,CAN,CAN,73,196,2016,2,5,35,,
2020-2021,Jordan Martinook,CAR,LW,260.0,61.0,,2.0,144.0,55.0,258.0,388.0,105.0,133.0,335.0,60.0,180.0,311.0,Bottom 6,44,561.3,4,6,32,1992-07-25,CAN,CAN,72,196,2012,2,28,58,,
2020-2021,Jordan Staal,CAR,C,159.0,189.0,86.0,15.0,17.0,92.0,242.0,230.0,290.0,190.0,349.0,84.0,5.0,131.0,First Line,53,979.73333333333,16,10,36,1988-09-10,CAN,CAN,76,220,2006,1,2,2,,
2020-2021,Josh Anderson,MTL,RW,142.0,143.0,229.0,192.0,250.0,135.0,53.0,180.0,72.0,396.0,285.0,51.0,,160.0,Second Line,52,853.75,17,4,31,1994-05-07,CAN,CAN,75,218,2012,4,4,95,,
2020-2021,Josh Archibald,EDM,RW,379.0,215.0,,93.0,389.0,273.0,359.0,234.0,371.0,343.0,220.0,19.0,,298.0,Bottom 6,52,704.31666666667,7,4,32,1992-10-06,CAN,CAN,70,176,2011,6,23,174,,
2020-2021,Josh Bailey,NYI,RW,215.0,334.0,112.0,117.0,140.0,290.0,380.0,291.0,178.0,47.0,232.0,444.0,188.0,156.0,Second Line,54,945.23333333333,8,15,35,1989-10-02,CAN,CAN,73,200,2008,1,9,9,,
2020-2021,Josh Leivo,CGY,LW,115.0,167.0,260.0,,138.0,70.0,112.0,175.0,136.0,326.0,76.0,269.0,,281.0,Bottom 6,38,408.48333333333,6,1,32,1993-05-26,CAN,CAN,74,192,2011,3,25,86,,
2020-2021,Josh Norris,OTT,C,308.0,399.0,212.0,,211.0,415.0,346.0,143.0,358.0,311.0,399.0,248.0,154.0,181.0,Second Line,56,922.23333333333,17,8,26,1999-05-05,USA,USA,74,195,2017,1,19,19,,
2020-2021,Juho Lammikko,FLA,C,434.0,252.0,,190.0,349.0,252.0,372.0,420.0,396.0,424.0,390.0,156.0,140.0,435.0,Bottom 6,44,476.56666666667,4,0,29,1996-01-29,FIN,FIN,74,191,2014,3,5,65,,
2020-2021,Jujhar Khaira,EDM,LW,402.0,270.0,,80.0,437.0,243.0,363.0,397.0,397.0,342.0,320.0,14.0,197.0,381.0,Bottom 6,40,481.96666666667,3,3,30,1994-08-13,CAN,CAN,76,212,2012,3,2,63,,
2020-2021,Julien Gauthier,NYR,RW,299.0,362.0,,,435.0,363.0,246.0,415.0,379.0,104.0,342.0,62.0,,409.0,Bottom 6,30,289.28333333333,2,5,27,1997-10-15,CAN,CAN,76,224,2016,1,21,21,,
2020-2021,Justin Dowling,DAL,C,397.0,92.0,,,310.0,49.0,354.0,422.0,286.0,278.0,404.0,264.0,134.0,430.0,Bottom 6,27,298.91666666667,1,3,34,1990-10-01,CAN,CAN,70,180,-,-,-,-,,
2020-2021,Kaapo Kakko,NYR,RW,338.0,250.0,185.0,,262.0,316.0,237.0,270.0,224.0,372.0,231.0,431.0,,287.0,Bottom 6,48,688.68333333333,9,3,24,2001-02-13,FIN,FIN,74,206,2019,1,2,2,,
2020-2021,Kailer Yamamoto,EDM,RW,200.0,313.0,,,173.0,399.0,393.0,216.0,300.0,96.0,345.0,227.0,,185.0,Second Line,52,850.63333333333,8,10,26,1998-09-29,USA,USA,68,153,2017,1,22,22,,
2020-2021,Karson Kuhlman,BOS,C,349.0,43.0,,,335.0,12.0,122.0,393.0,231.0,416.0,222.0,122.0,,404.0,Bottom 6,20,212.96666666667,2,0,29,1995-09-26,USA,USA,70,184,-,-,-,-,,
2020-2021,Kasperi Kapanen,PIT,RW,73.0,378.0,171.0,157.0,127.0,309.0,200.0,123.0,21.0,132.0,64.0,236.0,,145.0,Second Line,40,621.26666666667,11,8,28,1996-07-23,FIN,FIN,73,194,2014,1,22,22,,
2020-2021,Keegan Kolesar,VGK,RW,310.0,364.0,,,210.0,402.0,333.0,411.0,226.0,262.0,412.0,27.0,164.0,411.0,Bottom 6,44,420.03333333333,3,4,28,1997-04-08,CAN,CAN,74,217,2015,3,8,69,,
2020-2021,Kevin Fiala,MIN,LW,32.0,323.0,28.0,,142.0,224.0,11.0,31.0,144.0,44.0,214.0,355.0,,50.0,Second Line,50,844.98333333333,20,12,28,1996-07-22,CHE,CHE,70,204,2014,1,11,11,,
2020-2021,Kevin Hayes,PHI,C,121.0,262.0,106.0,62.0,177.0,166.0,99.0,139.0,125.0,128.0,247.0,240.0,72.0,115.0,Second Line,55,963.73333333333,12,13,33,1992-05-08,USA,USA,77,216,2010,1,24,24,,
2020-2021,Kevin Labanc,SJS,RW,68.0,358.0,101.0,,50.0,295.0,62.0,195.0,192.0,129.0,175.0,254.0,,143.0,Second Line,55,903.25,12,11,29,1995-12-12,USA,USA,71,185,2014,6,21,171,,
2020-2021,Kevin Rooney,NYR,C,401.0,145.0,,27.0,412.0,218.0,341.0,294.0,387.0,389.0,107.0,68.0,110.0,338.0,Bottom 6,54,667.1,8,3,32,1993-05-21,USA,USA,74,190,-,-,-,-,,
2020-2021,Kevin Stenlund,CBJ,C,291.0,170.0,278.0,,368.0,250.0,260.0,248.0,271.0,297.0,248.0,338.0,138.0,299.0,Bottom 6,32,400.86666666667,5,4,28,1996-09-20,SWE,SWE,77,215,2015,2,28,58,,
2020-2021,Kiefer Sherwood,COL,LW,318.0,9.0,,,90.0,5.0,176.0,445.0,285.0,361.0,269.0,30.0,,413.0,Bottom 6,16,140.75,0,1,30,1995-03-31,USA,USA,72,194,-,-,-,-,,
2020-2021,Kieffer Bellows,NYI,LW,275.0,209.0,,,415.0,260.0,239.0,120.0,198.0,450.0,298.0,40.0,,394.0,Bottom 6,14,154.28333333333,3,0,27,1998-06-10,USA,USA,73,195,2016,1,19,19,,
2020-2021,Kirby Dach,CHI,C,361.0,424.0,193.0,,382.0,447.0,377.0,400.0,282.0,152.0,170.0,413.0,145.0,263.0,First Line,17,316.31666666667,2,5,24,2001-01-21,CAN,CAN,76,212,2019,1,3,3,,
2020-2021,Kirill Kaprizov,MIN,LW,95.0,314.0,211.0,,398.0,287.0,110.0,32.0,233.0,101.0,218.0,410.0,,73.0,First Line,55,1006.3666666667,27,17,28,1997-04-26,RUS,RUS,70,202,2015,5,14,135,,
2020-2021,Kyle Clifford,STL,LW,217.0,181.0,,,235.0,110.0,85.0,322.0,240.0,315.0,284.0,53.0,,369.0,Bottom 6,50,496.58333333333,4,3,34,1991-01-13,CAN,CAN,74,217,2009,2,5,35,,
2020-2021,Kyle Connor,WPG,LW,54.0,443.0,34.0,188.0,264.0,437.0,38.0,13.0,61.0,88.0,180.0,443.0,,23.0,First Line,56,1050.4,26,13,28,1996-12-09,USA,USA,74,179,2015,1,17,17,,
2020-2021,Kyle Okposo,BUF,RW,329.0,255.0,282.0,,378.0,214.0,243.0,342.0,329.0,127.0,154.0,217.0,,278.0,Bottom 6,35,485.85,2,6,37,1988-04-16,USA,USA,72,218,2006,1,7,7,,
2020-2021,Kyle Palmieri,"NJD, NYI","C, RW",222.0,217.0,70.0,,267.0,198.0,60.0,97.0,84.0,333.0,174.0,204.0,,114.0,Second Line,51,845.25,10,3,34,1991-02-01,USA,USA,71,198,2009,1,26,26,,
2020-2021,Kyle Rau,MIN,C,444.0,2.0,,,454.0,156.0,320.0,453.0,449.0,330.0,420.0,76.0,,410.0,Bottom 6,14,133.81666666667,0,1,32,1992-10-24,USA,USA,69,171,2011,3,30,91,,
2020-2021,Kyle Turris,EDM,C,296.0,407.0,250.0,,221.0,373.0,353.0,368.0,168.0,148.0,369.0,345.0,86.0,318.0,Bottom 6,27,332.61666666667,2,3,35,1989-08-14,CAN,CAN,73,190,2007,1,3,3,,
2020-2021,Lane Pederson,ARI,C,413.0,352.0,,,137.0,341.0,398.0,425.0,194.0,406.0,421.0,42.0,159.0,437.0,Bottom 6,15,166.15,1,1,27,1997-08-04,CAN,CAN,72,192,-,-,-,-,,
2020-2021,Lars Eller,WSH,C,114.0,140.0,267.0,18.0,51.0,82.0,204.0,245.0,161.0,174.0,176.0,284.0,58.0,162.0,Second Line,44,719.86666666667,8,6,36,1989-05-08,DNK,DNK,74,205,2007,1,13,13,,
2020-2021,Lawson Crouse,ARI,LW,288.0,326.0,,66.0,391.0,379.0,232.0,299.0,316.0,204.0,115.0,21.0,,283.0,Bottom 6,51,728.88333333333,4,8,28,1997-06-23,CAN,CAN,76,215,2015,1,11,11,,
2020-2021,Leo Komarov,NYI,RW,418.0,179.0,,169.0,247.0,174.0,442.0,433.0,205.0,266.0,325.0,35.0,,392.0,Bottom 6,33,423.46666666667,1,4,38,1987-01-23,EST,FIN,71,205,2006,6,27,180,,
2020-2021,Leon Draisaitl,EDM,C,39.0,442.0,1.0,176.0,36.0,406.0,92.0,5.0,173.0,8.0,130.0,396.0,27.0,4.0,First Line,56,1242.55,31,30,29,1995-10-27,DEU,DEU,74,208,2014,1,3,3,,
2020-2021,Liam Foudy,CBJ,C,427.0,393.0,,,438.0,390.0,234.0,454.0,390.0,310.0,386.0,360.0,,418.0,Bottom 6,24,302.23333333333,0,3,25,2000-02-04,CAN,CAN,74,188,2018,1,18,18,,
2020-2021,Lias Andersson,LAK,C,387.0,435.0,,,422.0,428.0,400.0,363.0,359.0,312.0,295.0,238.0,206.0,414.0,Bottom 6,23,277.51666666667,3,3,26,1998-10-13,SWE,SWE,73,185,2017,1,7,7,,
2020-2021,Logan Couture,SJS,C,113.0,275.0,77.0,46.0,87.0,377.0,157.0,94.0,294.0,136.0,149.0,280.0,91.0,72.0,First Line,53,1020.8333333333,17,6,36,1989-03-28,CAN,CAN,73,206,2007,1,9,9,,
2020-2021,Logan O'Connor,COL,RW,133.0,1.0,,,279.0,1.0,125.0,317.0,416.0,335.0,364.0,147.0,,351.0,Bottom 6,22,240.7,3,2,28,1996-08-14,USA,USA,72,175,-,-,-,-,,
2020-2021,Lucas Wallmark,"CHI, FLA",C,422.0,112.0,247.0,162.0,209.0,67.0,416.0,403.0,207.0,350.0,264.0,160.0,116.0,389.0,Bottom 6,20,227.7,0,1,29,1995-09-05,SWE,SWE,72,178,2014,4,7,97,,
2020-2021,Luke Glendening,DET,C,425.0,98.0,,100.0,442.0,317.0,383.0,376.0,443.0,394.0,259.0,99.0,2.0,284.0,Bottom 6,54,799.43333333333,6,5,36,1989-04-28,USA,USA,71,190,-,-,-,-,,
2020-2021,Luke Johnson,MIN,C,451.0,354.0,,,453.0,398.0,439.0,410.0,453.0,453.0,272.0,52.0,157.0,445.0,Bottom 6,14,141.45,1,0,30,1994-09-19,USA,USA,71,174,2013,5,13,134,,
2020-2021,Luke Kunin,NSH,C,89.0,146.0,295.0,174.0,327.0,236.0,128.0,128.0,229.0,186.0,236.0,111.0,195.0,164.0,Bottom 6,37,518.93333333333,9,6,27,1997-12-04,USA,USA,72,197,2016,1,15,15,,
2020-2021,Mackenzie MacEachern,STL,LW,348.0,81.0,,,322.0,32.0,167.0,310.0,280.0,409.0,393.0,41.0,,420.0,Bottom 6,21,203.73333333333,1,1,31,1994-03-09,USA,USA,74,193,2012,3,6,67,,
2020-2021,Marc Michaelis,VAN,LW,,453.0,,,407.0,,,451.0,299.0,452.0,443.0,221.0,,449.0,Bottom 6,15,136.21666666667,0,0,29,1995-07-31,DEU,DEU,71,187,-,-,-,-,,
2020-2021,Marcus Foligno,MIN,LW,134.0,5.0,,45.0,308.0,2.0,387.0,129.0,314.0,182.0,307.0,29.0,,209.0,Bottom 6,39,583.53333333333,11,7,33,1991-08-10,USA,CAN,75,226,2009,4,13,104,,
2020-2021,Marcus Johansson,MIN,C,342.0,316.0,144.0,159.0,281.0,254.0,350.0,287.0,270.0,197.0,97.0,389.0,205.0,226.0,Second Line,36,573.46666666667,6,5,34,1990-10-06,SWE,SWE,73,203,2009,1,24,24,,
2020-2021,Marcus Sorensen,SJS,LW,335.0,423.0,,37.0,179.0,408.0,382.0,395.0,103.0,267.0,75.0,222.0,,395.0,Bottom 6,29,350.6,1,3,33,1992-04-07,SWE,SWE,71,175,2010,4,16,106,,
2020-2021,Mark Jankowski,PIT,C,408.0,21.0,,19.0,375.0,36.0,420.0,329.0,370.0,405.0,290.0,304.0,106.0,400.0,Bottom 6,45,482.0,4,2,30,1994-09-13,CAN,CAN,76,212,2012,1,21,21,,
2020-2021,Mark Scheifele,WPG,C,151.0,405.0,41.0,202.0,132.0,433.0,240.0,60.0,104.0,30.0,59.0,395.0,92.0,21.0,First Line,56,1174.95,21,20,32,1993-03-15,CAN,CAN,75,198,2011,1,7,7,,
2020-2021,Mark Stone,VGK,RW,12.0,31.0,19.0,12.0,6.0,104.0,212.0,54.0,193.0,10.0,171.0,340.0,,29.0,First Line,55,1048.35,21,26,33,1992-05-13,CAN,CAN,75,217,2010,6,28,178,,
2020-2021,Martin Necas,CAR,C,234.0,350.0,179.0,134.0,116.0,307.0,245.0,154.0,257.0,72.0,262.0,297.0,,128.0,Second Line,53,916.45,14,17,26,1999-01-15,CZE,CZE,74,189,2017,1,12,12,,
2020-2021,Mason Appleton,WPG,C,223.0,301.0,,171.0,292.0,240.0,257.0,221.0,289.0,284.0,61.0,232.0,,304.0,Bottom 6,56,808.13333333333,12,7,29,1996-01-15,USA,USA,75,197,2015,6,17,168,,
2020-2021,Mason Marchment,FLA,LW,339.0,172.0,,,203.0,146.0,331.0,442.0,400.0,258.0,361.0,92.0,,387.0,Bottom 6,33,466.48333333333,2,5,30,1995-06-18,CAN,,76,210,-,-,-,-,,
2020-2021,Mathew Barzal,NYI,C,48.0,349.0,114.0,,29.0,280.0,138.0,138.0,65.0,38.0,147.0,408.0,114.0,63.0,First Line,55,1031.0,17,14,28,1997-05-26,CAN,CAN,73,190,2015,1,16,16,,
2020-2021,Mathias Brome,DET,LW,453.0,202.0,,,445.0,171.0,450.0,448.0,365.0,440.0,427.0,318.0,,445.0,Bottom 6,26,354.85,1,1,30,1994-07-29,SWE,SWE,72,183,-,-,-,-,,
2020-2021,Mathieu Joseph,TBL,RW,225.0,107.0,,,259.0,58.0,319.0,118.0,106.0,363.0,62.0,89.0,,354.0,Bottom 6,56,612.21666666667,12,4,28,1997-02-09,CAN,CAN,73,187,2015,4,29,120,,
2020-2021,Mathieu Olivier,NSH,RW,440.0,101.0,,,430.0,221.0,444.0,374.0,448.0,438.0,454.0,43.0,,424.0,Bottom 6,30,327.61666666667,3,1,28,1997-02-11,USA,USA,73,217,-,-,-,-,,
2020-2021,Mathieu Perreault,WPG,LW,283.0,115.0,118.0,,243.0,124.0,307.0,200.0,325.0,285.0,146.0,101.0,,308.0,Bottom 6,56,655.03333333333,9,8,37,1988-01-05,CAN,CAN,70,189,2006,6,24,177,,
2020-2021,Mats Zuccarello,MIN,RW,126.0,99.0,93.0,204.0,205.0,157.0,268.0,136.0,78.0,35.0,57.0,415.0,,105.0,Second Line,42,700.63333333333,11,15,37,1987-09-01,NOR,NOR,68,181,-,-,-,-,,
2020-2021,Matt Calvert,COL,LW,221.0,12.0,,163.0,82.0,4.0,209.0,375.0,318.0,215.0,29.0,212.0,,285.0,Bottom 6,18,248.58333333333,0,2,35,1989-12-24,CAN,CAN,71,186,2008,5,6,127,,
2020-2021,Matt Duchene,NSH,C,101.0,331.0,141.0,,20.0,277.0,126.0,197.0,17.0,114.0,3.0,320.0,25.0,135.0,Second Line,33,523.23333333333,6,5,34,1991-01-16,CAN,CAN,71,195,2009,1,3,3,,
2020-2021,Matt Martin,NYI,LW,393.0,57.0,,,413.0,66.0,311.0,323.0,380.0,388.0,270.0,2.0,,398.0,Bottom 6,54,597.73333333333,6,4,36,1989-05-08,CAN,CAN,75,220,2008,5,27,148,,
2020-2021,Matt Nieto,SJS,LW,230.0,343.0,,102.0,153.0,349.0,301.0,300.0,258.0,316.0,199.0,291.0,,295.0,Bottom 6,28,391.93333333333,5,2,32,1992-11-05,USA,USA,71,187,2011,2,17,47,,
2020-2021,Matthew Highmore,"CHI, VAN",C,431.0,359.0,,144.0,393.0,394.0,378.0,414.0,385.0,436.0,89.0,178.0,,427.0,Bottom 6,42,488.56666666667,3,0,29,1996-02-27,CAN,CAN,71,188,-,-,-,-,,
2020-2021,Matthew Tkachuk,CGY,LW,70.0,346.0,32.0,,75.0,109.0,56.0,73.0,260.0,23.0,100.0,108.0,,49.0,First Line,56,1016.5333333333,16,19,27,1997-12-11,USA,USA,74,201,2016,1,6,6,,
2020-2021,Mattias Janmark,"CHI, VGK",C,366.0,269.0,243.0,81.0,198.0,199.0,325.0,339.0,150.0,265.0,51.0,402.0,,248.0,Second Line,56,957.21666666667,11,8,32,1992-12-08,SWE,SWE,73,205,2013,3,18,79,,
2020-2021,Max Comtois,ANA,LW,176.0,420.0,190.0,,345.0,403.0,306.0,137.0,83.0,154.0,419.0,109.0,,203.0,Bottom 6,55,849.9,16,13,26,1999-01-08,CAN,CAN,74,210,2017,2,19,50,,
2020-2021,Max Domi,CBJ,C,97.0,419.0,139.0,,117.0,324.0,111.0,186.0,152.0,51.0,341.0,365.0,87.0,141.0,Bottom 6,54,821.98333333333,9,13,30,1995-03-02,CAN,CAN,70,194,2013,1,12,12,,
2020-2021,Max Jones,ANA,LW,364.0,396.0,,,331.0,361.0,149.0,321.0,156.0,425.0,131.0,91.0,,319.0,Bottom 6,46,651.56666666667,7,1,27,1998-02-17,USA,USA,75,216,2016,1,24,24,,
2020-2021,Max Pacioretty,VGK,LW,7.0,151.0,13.0,,38.0,133.0,4.0,7.0,174.0,34.0,234.0,247.0,,13.0,Second Line,48,861.08333333333,24,15,36,1988-11-20,USA,USA,74,217,2007,1,22,22,,
2020-2021,Michael Amadio,"LAK, OTT",C,381.0,221.0,274.0,,113.0,300.0,344.0,432.0,140.0,367.0,185.0,397.0,80.0,399.0,Bottom 6,25,313.71666666667,0,2,29,1996-05-13,CAN,CAN,73,204,2014,3,30,90,,
2020-2021,Michael Bunting,ARI,LW,201.0,345.0,,,304.0,291.0,337.0,21.0,202.0,432.0,445.0,231.0,,188.0,Second Line,21,350.53333333333,10,1,29,1995-09-17,CAN,CAN,72,192,2014,4,27,117,,
2020-2021,Michael Dal Colle,NYI,LW,404.0,131.0,,,230.0,85.0,396.0,418.0,116.0,378.0,198.0,138.0,,419.0,Bottom 6,26,309.53333333333,1,1,29,1996-06-20,CAN,CAN,75,195,2014,1,5,5,,
2020-2021,Michael McLeod,NJD,C,405.0,259.0,,143.0,399.0,237.0,405.0,369.0,439.0,417.0,396.0,93.0,127.0,407.0,Bottom 6,52,718.28333333333,9,3,27,1998-02-03,CAN,CAN,74,190,2016,1,12,12,,
2020-2021,Michael Raffl,"PHI, WSH",LW,311.0,84.0,,7.0,227.0,78.0,365.0,350.0,288.0,218.0,277.0,104.0,202.0,334.0,Bottom 6,44,583.11666666667,4,5,36,1988-12-01,AUT,AUT,73,205,-,-,-,-,,
2020-2021,Michael Rasmussen,DET,C,432.0,237.0,192.0,,450.0,335.0,328.0,404.0,320.0,232.0,401.0,114.0,182.0,324.0,Bottom 6,40,591.95,3,7,26,1999-04-17,CAN,CAN,78,211,2017,1,9,9,,
2020-2021,Mika Zibanejad,NYR,C,63.0,278.0,3.0,99.0,306.0,348.0,33.0,11.0,238.0,57.0,83.0,260.0,102.0,8.0,First Line,56,1125.6166666667,24,17,32,1993-04-18,SWE,SWE,74,202,2011,1,6,6,,
2020-2021,Mikael Backlund,CGY,C,96.0,233.0,133.0,82.0,77.0,144.0,68.0,257.0,242.0,115.0,357.0,322.0,67.0,111.0,Second Line,54,950.1,9,9,36,1989-03-17,SWE,SWE,72,206,2007,1,24,24,,
2020-2021,Mikael Granlund,NSH,C,216.0,211.0,119.0,156.0,57.0,272.0,309.0,194.0,109.0,257.0,125.0,331.0,177.0,136.0,First Line,50,971.66666666667,12,8,33,1992-02-26,FIN,FIN,70,185,2010,1,9,9,,
2020-2021,Mike Hoffman,STL,C,258.0,319.0,4.0,,316.0,235.0,23.0,19.0,64.0,118.0,201.0,371.0,,55.0,Bottom 6,52,783.33333333333,17,9,35,1989-11-24,CAN,CAN,72,190,2009,5,9,130,,
2020-2021,Mikhail Grigorenko,CBJ,C,356.0,369.0,,,367.0,411.0,423.0,377.0,306.0,195.0,430.0,400.0,,352.0,Bottom 6,32,440.11666666667,4,6,31,1994-05-16,RUS,RUS,75,206,2012,1,12,12,,
2020-2021,Mikhail Maltsev,NJD,LW,315.0,300.0,,,318.0,372.0,127.0,217.0,402.0,442.0,288.0,286.0,167.0,359.0,Bottom 6,33,377.75,6,1,27,1998-03-12,RUS,RUS,75,198,2016,4,11,102,,
2020-2021,Mikko Rantanen,COL,RW,17.0,27.0,8.0,,4.0,19.0,47.0,6.0,7.0,20.0,140.0,369.0,,9.0,First Line,52,1035.7333333333,30,18,28,1996-10-29,FIN,FIN,76,215,2015,1,10,10,,
2020-2021,Milan Lucic,CGY,LW,298.0,208.0,146.0,,111.0,68.0,343.0,286.0,249.0,293.0,389.0,24.0,,309.0,Bottom 6,56,763.2,10,6,37,1988-06-07,CAN,CAN,75,240,2006,2,20,50,,
2020-2021,Miles Wood,NJD,LW,106.0,375.0,176.0,,258.0,369.0,42.0,104.0,405.0,281.0,162.0,166.0,,169.0,Bottom 6,55,823.63333333333,17,5,29,1995-09-13,USA,USA,74,195,2013,4,9,100,,
2020-2021,Mitch Marner,TOR,RW,11.0,205.0,35.0,22.0,16.0,184.0,118.0,141.0,135.0,3.0,120.0,432.0,,16.0,First Line,55,1233.4833333333,20,34,28,1997-05-05,CAN,CAN,72,181,2015,1,4,4,,
2020-2021,Morgan Geekie,CAR,C,350.0,267.0,,,191.0,223.0,409.0,385.0,232.0,121.0,426.0,235.0,155.0,433.0,Bottom 6,36,352.33333333333,3,6,26,1998-07-20,CAN,CAN,75,200,2017,3,5,67,,
2020-2021,Nate Thompson,WPG,C,433.0,119.0,,107.0,280.0,132.0,449.0,423.0,410.0,398.0,309.0,90.0,41.0,429.0,Bottom 6,44,426.3,2,2,40,1984-10-05,USA,USA,73,205,2003,6,16,183,,
2020-2021,Nathan Bastian,NJD,RW,396.0,171.0,,124.0,369.0,313.0,411.0,430.0,451.0,358.0,442.0,26.0,,405.0,Bottom 6,41,517.45,3,4,27,1997-12-06,CAN,CAN,76,205,2016,2,11,41,,
2020-2021,Nathan MacKinnon,COL,C,4.0,105.0,6.0,,7.0,30.0,3.0,28.0,10.0,4.0,8.0,347.0,109.0,2.0,First Line,48,978.03333333333,20,28,29,1995-09-01,CAN,CAN,72,200,2013,1,1,1,,
2020-2021,Nazem Kadri,COL,C,30.0,282.0,75.0,,72.0,179.0,19.0,127.0,149.0,82.0,112.0,239.0,23.0,84.0,Second Line,56,922.31666666667,11,16,34,1990-10-06,CAN,CAN,72,185,2009,1,7,7,,
2020-2021,Nic Dowd,WSH,C,284.0,33.0,,38.0,183.0,73.0,386.0,209.0,431.0,404.0,379.0,57.0,26.0,328.0,Bottom 6,56,806.28333333333,11,2,35,1990-05-27,USA,USA,73,193,2009,7,17,198,,
2020-2021,Nicholas Merkley,NJD,RW,227.0,438.0,,,394.0,429.0,273.0,421.0,384.0,21.0,235.0,211.0,,373.0,Bottom 6,27,310.68333333333,2,8,28,1997-05-23,CAN,CAN,70,195,2015,1,30,30,,
2020-2021,Nick Bjugstad,MIN,C,163.0,187.0,281.0,,238.0,257.0,94.0,267.0,356.0,226.0,403.0,148.0,137.0,227.0,Bottom 6,44,519.66666666667,6,7,32,1992-07-17,USA,USA,78,209,2010,1,19,19,,
2020-2021,Nick Bonino,MIN,C,139.0,32.0,158.0,21.0,174.0,183.0,367.0,174.0,436.0,213.0,329.0,435.0,39.0,168.0,Bottom 6,55,817.06666666667,10,8,37,1988-04-20,USA,USA,73,195,2007,6,22,173,,
2020-2021,Nick Caamano,DAL,RW,435.0,253.0,,,420.0,267.0,174.0,452.0,403.0,421.0,423.0,65.0,,440.0,Bottom 6,24,224.23333333333,0,1,26,1998-09-07,CAN,CAN,75,205,2016,5,25,146,,
2020-2021,Nick Cousins,NSH,C,232.0,95.0,163.0,,78.0,88.0,262.0,345.0,274.0,189.0,117.0,155.0,212.0,279.0,Bottom 6,51,682.46666666667,5,6,31,1993-07-20,CAN,CAN,71,192,2011,3,7,68,,
2020-2021,Nick Foligno,"CBJ, TOR",LW,304.0,78.0,173.0,17.0,246.0,131.0,314.0,340.0,353.0,253.0,255.0,59.0,76.0,177.0,Second Line,49,870.65,7,8,37,1987-10-31,USA,USA,72,210,2006,1,28,28,,
2020-2021,Nick Paul,OTT,LW,341.0,174.0,,142.0,351.0,312.0,207.0,392.0,411.0,249.0,299.0,152.0,130.0,244.0,Second Line,56,900.6,5,10,30,1995-03-20,CAN,CAN,75,223,2013,4,10,101,,
2020-2021,Nick Ritchie,BOS,LW,145.0,254.0,105.0,,106.0,189.0,141.0,145.0,70.0,159.0,447.0,75.0,,182.0,Bottom 6,56,860.66666666667,15,7,29,1995-12-05,CAN,CAN,75,236,2014,1,10,10,,
2020-2021,Nick Schmaltz,ARI,C,171.0,222.0,123.0,,37.0,322.0,263.0,280.0,12.0,64.0,26.0,440.0,123.0,142.0,Second Line,52,886.98333333333,10,11,29,1996-02-23,USA,USA,72,181,2014,1,20,20,,
2020-2021,Nick Suzuki,MTL,C,240.0,123.0,180.0,,170.0,151.0,259.0,227.0,220.0,75.0,323.0,265.0,141.0,126.0,First Line,56,1018.1666666667,15,17,25,1999-08-10,CAN,CAN,71,208,2017,1,13,13,,
2020-2021,Nicklas Backstrom,WSH,C,146.0,90.0,97.0,196.0,85.0,114.0,289.0,196.0,76.0,39.0,183.0,394.0,83.0,61.0,First Line,55,1022.7166666667,15,16,37,1987-11-23,SWE,SWE,73,202,2006,1,4,4,,
2020-2021,Nico Hischier,NJD,C,233.0,199.0,116.0,183.0,145.0,357.0,188.0,157.0,206.0,255.0,18.0,358.0,28.0,102.0,First Line,21,388.86666666667,6,2,26,1999-01-04,CHE,CHE,73,175,2017,1,1,1,,
2020-2021,Nico Sturm,MIN,C,211.0,153.0,,122.0,392.0,212.0,316.0,107.0,444.0,377.0,352.0,208.0,,333.0,Bottom 6,50,542.28333333333,11,4,30,1995-05-03,DEU,DEU,75,209,-,-,-,-,,
2020-2021,Nicolas Aube-Kubel,PHI,RW,332.0,87.0,,,376.0,95.0,312.0,354.0,309.0,246.0,408.0,34.0,,372.0,Bottom 6,50,558.66666666667,3,4,29,1996-05-10,CAN,CAN,72,207,2014,2,18,48,,
2020-2021,Nicolas Deslauriers,ANA,LW,380.0,277.0,,,410.0,347.0,191.0,320.0,377.0,403.0,398.0,11.0,,385.0,Bottom 6,49,554.56666666667,5,2,34,1991-02-22,CAN,CAN,73,220,2009,3,23,84,,
2020-2021,Nicolas Roy,VGK,C,235.0,121.0,,,63.0,187.0,347.0,296.0,215.0,304.0,316.0,180.0,139.0,345.0,Bottom 6,50,650.86666666667,6,5,28,1997-02-05,CAN,CAN,76,202,2015,4,5,96,,
2020-2021,Nikita Gusev,"FLA, NJD",LW,178.0,434.0,189.0,,74.0,359.0,58.0,324.0,277.0,191.0,312.0,452.0,,212.0,Bottom 6,31,444.91666666667,4,3,33,1992-07-08,RUS,RUS,69,163,2012,7,21,202,,
2020-2021,Nikolaj Ehlers,WPG,LW,18.0,353.0,11.0,,107.0,314.0,14.0,16.0,75.0,74.0,2.0,376.0,,33.0,Second Line,47,794.03333333333,21,10,29,1996-02-14,DNK,DNK,72,169,2014,1,9,9,,
2020-2021,Nils Hoglander,VAN,LW,196.0,422.0,221.0,,248.0,439.0,199.0,239.0,351.0,390.0,395.0,404.0,,229.0,Bottom 6,56,864.78333333333,13,5,24,2000-12-20,SWE,SWE,69,185,2019,2,9,40,,
2020-2021,Nino Niederreiter,CAR,RW,102.0,160.0,85.0,,25.0,56.0,104.0,74.0,182.0,192.0,274.0,214.0,,138.0,Second Line,56,880.18333333333,20,8,32,1992-09-08,CHE,CHE,74,218,2010,1,5,5,,
2020-2021,Noah Gregor,SJS,C,303.0,441.0,,,364.0,449.0,74.0,243.0,243.0,443.0,351.0,87.0,,331.0,Bottom 6,30,351.73333333333,5,0,26,1998-07-28,CAN,CAN,72,190,2016,4,20,111,,
2020-2021,Noel Acciari,FLA,C,220.0,62.0,,39.0,207.0,342.0,270.0,277.0,447.0,319.0,23.0,73.0,61.0,184.0,Bottom 6,41,631.13333333333,4,7,33,1991-12-01,USA,USA,70,209,-,-,-,-,,
2020-2021,Nolan Patrick,PHI,C,428.0,168.0,191.0,,350.0,180.0,389.0,382.0,227.0,411.0,337.0,249.0,128.0,388.0,Bottom 6,52,690.43333333333,4,2,26,1998-09-19,CAN,CAN,74,201,2017,1,2,2,,
2020-2021,Oliver Bjorkstrand,CBJ,RW,27.0,113.0,88.0,,266.0,136.0,30.0,33.0,143.0,71.0,157.0,316.0,,64.0,Second Line,56,986.13333333333,18,18,30,1995-04-10,DNK,DNK,72,175,2013,3,28,89,,
2020-2021,Oliver Wahlstrom,NYI,RW,254.0,175.0,209.0,,439.0,231.0,54.0,77.0,321.0,235.0,405.0,169.0,,207.0,Bottom 6,44,544.98333333333,12,6,25,2000-06-13,USA,USA,74,204,2018,1,11,11,,
2020-2021,Ondrej Palat,TBL,LW,138.0,24.0,37.0,181.0,91.0,62.0,202.0,156.0,56.0,55.0,195.0,126.0,,89.0,Second Line,55,960.05,15,16,34,1991-03-28,CZE,CZE,72,194,2011,7,27,208,,
2020-2021,Oskar Lindblom,PHI,LW,98.0,89.0,251.0,130.0,164.0,102.0,201.0,119.0,139.0,244.0,102.0,253.0,,194.0,Bottom 6,50,659.08333333333,8,4,28,1996-08-15,SWE,SWE,73,191,2014,5,18,138,,
2020-2021,Oskar Sundqvist,STL,C,309.0,103.0,,41.0,370.0,165.0,321.0,241.0,310.0,241.0,240.0,132.0,98.0,236.0,Bottom 6,28,424.31666666667,4,4,31,1994-03-23,SWE,SWE,75,220,2012,3,20,81,,
2020-2021,Owen Tippett,FLA,RW,184.0,261.0,,,274.0,226.0,93.0,284.0,338.0,119.0,392.0,163.0,,297.0,Bottom 6,45,516.65,7,8,26,1999-02-16,CAN,CAN,73,207,2017,1,10,10,,
2020-2021,Pat Maroon,TBL,LW,322.0,238.0,161.0,,236.0,100.0,364.0,348.0,77.0,216.0,344.0,83.0,,346.0,Bottom 6,55,637.6,4,6,37,1988-04-23,USA,USA,75,234,2007,6,10,161,,
2020-2021,Patric Hornqvist,FLA,RW,104.0,30.0,67.0,,288.0,71.0,9.0,58.0,35.0,164.0,167.0,95.0,,44.0,Second Line,44,738.46666666667,14,8,38,1987-01-01,SWE,SWE,71,189,2005,7,36,230,,
2020-2021,Patrice Bergeron,BOS,C,15.0,7.0,40.0,14.0,18.0,7.0,13.0,10.0,59.0,107.0,297.0,315.0,1.0,15.0,First Line,54,983.98333333333,23,11,39,1985-07-24,CAN,CAN,73,196,2003,2,15,45,,
2020-2021,Patrick Kane,CHI,RW,45.0,451.0,57.0,,260.0,446.0,20.0,79.0,54.0,7.0,189.0,445.0,,7.0,First Line,55,1221.0333333333,15,32,36,1988-11-19,USA,USA,70,177,2007,1,1,1,,
2020-2021,Patrick Marleau,SJS,C,363.0,299.0,162.0,,131.0,354.0,327.0,359.0,155.0,387.0,265.0,285.0,192.0,322.0,Bottom 6,56,743.83333333333,4,2,45,1979-09-15,CAN,CAN,74,215,1997,1,2,2,,
2020-2021,Patrik Laine,"CBJ, WPG","LW, RW",249.0,449.0,42.0,,282.0,438.0,71.0,67.0,15.0,153.0,168.0,272.0,,78.0,Second Line,46,802.68333333333,12,7,27,1998-04-19,FIN,FIN,77,205,2016,1,2,2,,
2020-2021,Paul Byron,MTL,LW,226.0,73.0,,132.0,149.0,59.0,401.0,289.0,127.0,137.0,191.0,66.0,,288.0,Bottom 6,46,591.23333333333,5,8,36,1989-04-27,CAN,CAN,69,164,2007,6,28,179,,
2020-2021,Paul Stastny,WPG,C,161.0,236.0,136.0,187.0,56.0,222.0,266.0,181.0,165.0,134.0,333.0,312.0,21.0,147.0,Second Line,56,974.93333333333,13,10,39,1985-12-27,CAN,USA,72,193,2005,2,14,44,,
2020-2021,Pavel Buchnevich,NYR,RW,58.0,385.0,91.0,165.0,151.0,326.0,156.0,69.0,199.0,66.0,137.0,255.0,,79.0,First Line,54,1011.5666666667,20,17,30,1995-04-17,RUS,RUS,73,196,2013,3,14,75,,
2020-2021,Pavel Zacha,NJD,C,248.0,446.0,87.0,71.0,175.0,420.0,247.0,146.0,298.0,122.0,127.0,283.0,84.0,153.0,Second Line,50,857.75,17,10,28,1997-04-06,CZE,CZE,76,199,2015,1,6,6,,
2020-2021,Phil Kessel,ARI,RW,168.0,439.0,92.0,,212.0,400.0,132.0,84.0,27.0,110.0,314.0,451.0,,92.0,Second Line,56,956.9,20,9,37,1987-10-02,USA,USA,71,208,2006,1,5,5,,
2020-2021,Philipp Kurashev,CHI,C,426.0,428.0,213.0,,426.0,435.0,394.0,325.0,345.0,413.0,418.0,362.0,173.0,379.0,Bottom 6,53,691.71666666667,8,3,25,1999-10-12,CHE,CHE,72,190,2018,4,27,120,,
2020-2021,Phillip Danault,MTL,C,69.0,77.0,275.0,108.0,1.0,33.0,348.0,370.0,388.0,67.0,278.0,176.0,19.0,179.0,Second Line,53,894.08333333333,5,15,32,1993-02-24,CAN,CAN,73,200,2011,1,26,26,,
2020-2021,Phillip Di Giuseppe,NYR,LW,243.0,37.0,,,181.0,169.0,103.0,440.0,147.0,120.0,319.0,32.0,,314.0,Bottom 6,31,343.88333333333,1,6,31,1993-10-09,CAN,CAN,72,193,2012,2,8,38,,
2020-2021,Pierre Engvall,TOR,LW,193.0,372.0,,189.0,208.0,269.0,197.0,213.0,386.0,357.0,406.0,225.0,183.0,337.0,Bottom 6,42,501.03333333333,7,3,29,1996-05-31,SWE,SWE,77,219,2014,7,8,188,,
2020-2021,Pierre-Edouard Bellemare,COL,C,259.0,3.0,,43.0,99.0,3.0,302.0,240.0,340.0,407.0,268.0,294.0,9.0,312.0,Bottom 6,53,600.31666666667,9,0,40,1985-03-06,FRA,FRA,71,198,-,-,-,-,,
2020-2021,Pierre-Luc Dubois,"CBJ, WPG","C, LW",166.0,109.0,115.0,,121.0,197.0,179.0,158.0,11.0,143.0,203.0,177.0,121.0,124.0,Bottom 6,46,690.28333333333,9,5,27,1998-06-24,CAN,CAN,76,214,2016,1,3,3,,
2020-2021,Pius Suter,CHI,C,300.0,382.0,216.0,,387.0,431.0,285.0,244.0,292.0,274.0,413.0,401.0,176.0,210.0,Second Line,54,881.31666666667,13,10,29,1996-05-24,CHE,CHE,71,179,-,-,-,-,,
2020-2021,Radek Faksa,DAL,C,358.0,122.0,165.0,52.0,344.0,190.0,308.0,352.0,435.0,368.0,383.0,151.0,37.0,243.0,Second Line,55,958.68333333333,6,4,31,1994-01-09,CZE,CZE,75,225,2012,1,13,13,,
2020-2021,Rasmus Asplund,BUF,C,334.0,388.0,,,330.0,376.0,356.0,210.0,399.0,379.0,305.0,328.0,207.0,376.0,Bottom 6,28,359.93333333333,7,3,27,1997-12-03,SWE,SWE,71,185,2016,2,3,33,,
2020-2021,Reilly Smith,VGK,RW,75.0,249.0,96.0,57.0,21.0,234.0,119.0,95.0,120.0,156.0,177.0,321.0,,104.0,Second Line,53,947.03333333333,14,8,34,1991-04-01,CAN,CAN,73,185,2009,3,8,69,,
2020-2021,Rhett Gardner,DAL,C,450.0,190.0,,,449.0,274.0,399.0,446.0,346.0,445.0,339.0,69.0,171.0,444.0,Bottom 6,28,278.96666666667,1,0,29,1996-02-28,CAN,CAN,75,210,2016,4,25,116,,
2020-2021,Richard Panik,"DET, WSH",RW,213.0,104.0,294.0,195.0,143.0,81.0,269.0,309.0,133.0,261.0,310.0,106.0,,301.0,Bottom 6,48,593.55,4,5,34,1991-02-07,SVK,SVK,73,203,2009,2,22,52,,
2020-2021,Rickard Rakell,ANA,LW,119.0,409.0,120.0,,237.0,383.0,32.0,264.0,86.0,73.0,134.0,226.0,,96.0,Second Line,52,926.95,9,15,32,1993-05-05,SWE,SWE,73,195,2011,1,30,30,,
2020-2021,Riley Nash,CBJ,C,415.0,11.0,,182.0,416.0,16.0,375.0,419.0,427.0,292.0,217.0,192.0,81.0,397.0,Bottom 6,37,466.06666666667,2,4,36,1989-05-09,CAN,CAN,74,188,2007,1,21,21,,
2020-2021,Riley Sheahan,BUF,C,385.0,371.0,,101.0,299.0,366.0,427.0,371.0,425.0,328.0,73.0,380.0,64.0,393.0,Bottom 6,53,705.0,4,7,33,1991-12-07,CAN,CAN,74,214,2010,1,21,21,,
2020-2021,Robby Fabbri,DET,C,152.0,408.0,205.0,,384.0,355.0,229.0,110.0,166.0,185.0,119.0,210.0,194.0,166.0,Second Line,30,518.08333333333,10,7,29,1996-01-22,CAN,CAN,71,185,2014,1,21,21,,
2020-2021,Robert Thomas,STL,C,224.0,85.0,170.0,,224.0,41.0,435.0,349.0,141.0,48.0,271.0,442.0,119.0,291.0,Bottom 6,33,448.9,3,6,26,1999-07-02,CAN,CAN,72,218,2017,1,20,20,,
2020-2021,Rocco Grimaldi,NSH,RW,85.0,304.0,,,118.0,292.0,101.0,124.0,237.0,230.0,12.0,351.0,,264.0,Bottom 6,40,512.73333333333,10,3,32,1993-02-08,USA,USA,66,180,2011,2,3,33,,
2020-2021,Roope Hintz,DAL,LW,67.0,111.0,9.0,177.0,125.0,44.0,117.0,51.0,43.0,33.0,41.0,190.0,68.0,75.0,First Line,41,747.51666666667,15,19,28,1996-11-17,FIN,FIN,75,215,2015,2,19,49,,
2020-2021,Ross Colton,TBL,C,105.0,177.0,,,425.0,155.0,171.0,22.0,179.0,399.0,306.0,150.0,163.0,305.0,Bottom 6,30,316.93333333333,9,2,28,1996-09-11,USA,USA,72,194,2016,4,27,118,,
2020-2021,Rudolfs Balcers,SJS,LW,301.0,204.0,235.0,,269.0,382.0,294.0,263.0,348.0,338.0,416.0,154.0,,245.0,Bottom 6,41,603.16666666667,8,3,28,1997-04-08,LVA,LVA,71,182,2015,5,21,142,,
2020-2021,Ryan Carpenter,CHI,C,407.0,148.0,,69.0,245.0,149.0,324.0,407.0,337.0,418.0,238.0,77.0,94.0,377.0,Bottom 6,39,494.96666666667,4,0,34,1991-01-18,USA,USA,73,198,-,-,-,-,,
2020-2021,Ryan Donato,SJS,C,100.0,147.0,225.0,,295.0,225.0,29.0,173.0,102.0,138.0,4.0,213.0,,201.0,Bottom 6,50,630.51666666667,6,10,29,1996-04-09,USA,USA,72,190,2014,2,26,56,,
2020-2021,Ryan Dzingel,"CAR, OTT","C, LW",287.0,243.0,113.0,,289.0,201.0,253.0,170.0,241.0,196.0,350.0,228.0,,233.0,Bottom 6,40,508.3,8,3,33,1992-03-09,USA,USA,72,190,2011,7,23,204,,
2020-2021,Ryan Getzlaf,ANA,C,265.0,225.0,159.0,,40.0,333.0,280.0,356.0,262.0,214.0,308.0,142.0,47.0,149.0,Second Line,48,795.78333333333,5,6,40,1985-05-10,CAN,CAN,76,220,2003,1,19,19,,
2020-2021,Ryan Hartman,MIN,RW,195.0,42.0,270.0,112.0,180.0,65.0,185.0,306.0,295.0,225.0,327.0,191.0,199.0,231.0,Bottom 6,51,768.63333333333,7,8,30,1994-09-20,USA,USA,72,197,2013,1,30,30,,
2020-2021,Ryan Johansen,NSH,C,272.0,339.0,138.0,150.0,41.0,293.0,379.0,303.0,108.0,201.0,368.0,296.0,35.0,190.0,Second Line,47,797.53333333333,7,7,32,1992-07-31,CAN,CAN,75,218,2010,1,4,4,,
2020-2021,Ryan Lomberg,FLA,LW,382.0,368.0,,,411.0,401.0,196.0,427.0,424.0,392.0,450.0,15.0,,432.0,Bottom 6,34,330.41666666667,2,2,30,1994-09-12,CAN,CAN,69,187,-,-,-,-,,
2020-2021,Ryan MacInnis,CBJ,C,452.0,374.0,,,444.0,332.0,413.0,450.0,434.0,451.0,388.0,158.0,162.0,448.0,Bottom 6,16,159.58333333333,0,0,29,1996-02-14,USA,USA,75,201,2014,2,13,43,,
2020-2021,Ryan Nugent-Hopkins,EDM,C,157.0,244.0,22.0,95.0,122.0,285.0,130.0,117.0,132.0,117.0,225.0,387.0,77.0,42.0,First Line,52,1080.1666666667,16,10,32,1993-04-12,CAN,CAN,72,195,2011,1,1,1,,
2020-2021,Ryan O'Reilly,STL,C,188.0,66.0,63.0,104.0,163.0,89.0,288.0,113.0,284.0,58.0,135.0,437.0,3.0,46.0,First Line,56,1161.9333333333,24,14,34,1991-02-07,CAN,CAN,73,207,2009,2,3,33,,
2020-2021,Ryan Reaves,VGK,RW,355.0,65.0,,,97.0,117.0,374.0,387.0,32.0,381.0,331.0,1.0,,423.0,Bottom 6,37,367.38333333333,1,1,38,1987-01-20,CAN,CAN,74,225,2005,5,31,156,,
2020-2021,Ryan Strome,NYR,C,137.0,404.0,53.0,72.0,120.0,344.0,205.0,177.0,204.0,31.0,373.0,354.0,120.0,77.0,First Line,56,1023.2166666667,14,19,31,1993-07-11,CAN,CAN,73,191,2011,1,5,5,,
2020-2021,Sam Bennett,"CGY, FLA",C,108.0,185.0,227.0,179.0,129.0,126.0,81.0,184.0,110.0,209.0,375.0,55.0,148.0,198.0,Bottom 6,48,692.23333333333,10,7,29,1996-06-20,CAN,CAN,73,195,2014,1,4,4,,
2020-2021,Sam Gagner,DET,C,252.0,281.0,269.0,167.0,213.0,159.0,90.0,271.0,151.0,286.0,291.0,392.0,179.0,223.0,Bottom 6,42,648.51666666667,7,5,35,1989-08-10,CAN,CAN,71,201,2007,1,6,6,,
2020-2021,Sam Lafferty,PIT,"C, RW",410.0,220.0,,,434.0,248.0,313.0,439.0,445.0,275.0,431.0,22.0,131.0,422.0,Bottom 6,34,332.38333333333,0,3,30,1995-03-06,USA,USA,73,195,2014,4,23,113,,
2020-2021,Sam Reinhart,BUF,RW,147.0,229.0,78.0,,185.0,186.0,193.0,49.0,37.0,175.0,133.0,428.0,191.0,71.0,First Line,54,1055.1,25,8,29,1995-11-06,CAN,CAN,74,193,2014,1,2,2,,
2020-2021,Sam Steel,ANA,C,345.0,398.0,203.0,,193.0,388.0,395.0,308.0,90.0,303.0,223.0,313.0,55.0,306.0,Bottom 6,42,609.76666666667,6,3,27,1998-02-03,CAN,CAN,71,184,2016,1,30,30,,
2020-2021,Sammy Blais,STL,LW,239.0,219.0,,,374.0,172.0,362.0,152.0,134.0,271.0,123.0,10.0,,329.0,Bottom 6,36,434.31666666667,8,4,29,1996-06-17,CAN,CAN,74,206,2014,6,26,176,,
2020-2021,Samuel Morin,PHI,LW,448.0,56.0,,,414.0,178.0,447.0,438.0,180.0,,453.0,47.0,,443.0,Bottom 6,20,203.83333333333,1,0,29,1995-07-12,CAN,CAN,78,202,2013,1,11,11,,
2020-2021,Scott Laughton,PHI,C,162.0,152.0,,44.0,195.0,162.0,267.0,183.0,323.0,194.0,355.0,56.0,59.0,197.0,Bottom 6,53,817.28333333333,9,9,31,1994-05-30,CAN,CAN,73,190,2012,1,20,20,,
2020-2021,Sean Couturier,PHI,C,40.0,88.0,59.0,32.0,58.0,39.0,98.0,59.0,170.0,79.0,74.0,344.0,8.0,32.0,First Line,45,869.76666666667,18,13,32,1992-12-07,USA,CAN,75,211,2011,1,8,8,,
2020-2021,Sean Kuraly,BOS,C,319.0,156.0,,34.0,314.0,168.0,169.0,391.0,438.0,336.0,246.0,67.0,38.0,296.0,Bottom 6,47,661.33333333333,4,3,32,1993-01-20,USA,USA,74,213,2011,5,12,133,,
2020-2021,Sean Monahan,CGY,C,180.0,287.0,99.0,,201.0,246.0,168.0,134.0,80.0,90.0,132.0,303.0,60.0,99.0,Second Line,50,884.41666666667,10,12,30,1994-10-12,CAN,CAN,74,196,2013,1,6,6,,
2020-2021,Sebastian Aho,CAR,C,26.0,320.0,14.0,3.0,8.0,213.0,64.0,18.0,60.0,28.0,192.0,336.0,71.0,20.0,First Line,56,1090.35,24,24,27,1997-07-26,FIN,FIN,72,176,2015,2,5,35,,
2020-2021,Sidney Crosby,PIT,C,43.0,242.0,17.0,,42.0,238.0,108.0,39.0,5.0,11.0,111.0,334.0,11.0,14.0,First Line,55,1121.9,24,20,37,1987-08-07,CAN,CAN,71,200,2005,1,1,1,,
2020-2021,Stefan Matteau,CBJ,C,447.0,224.0,,,446.0,343.0,436.0,437.0,429.0,447.0,422.0,74.0,,441.0,Bottom 6,18,194.83333333333,1,0,31,1994-02-23,USA,USA,74,208,2012,1,29,29,,
2020-2021,Steven Lorentz,CAR,C,430.0,191.0,,,206.0,216.0,408.0,441.0,236.0,437.0,435.0,186.0,156.0,439.0,Bottom 6,45,469.75,2,1,29,1996-04-13,CAN,CAN,76,206,2015,7,5,186,,
2020-2021,Steven Stamkos,TBL,C,47.0,251.0,5.0,,66.0,210.0,55.0,4.0,19.0,29.0,151.0,266.0,24.0,19.0,First Line,38,694.16666666667,17,8,35,1990-02-07,CAN,CAN,72,182,2008,1,1,1,,
2020-2021,T.J. Oshie,WSH,RW,158.0,116.0,26.0,,161.0,173.0,233.0,30.0,30.0,111.0,66.0,194.0,149.0,68.0,First Line,53,957.38333333333,22,13,38,1986-12-23,USA,USA,72,187,2005,1,24,24,,
2020-2021,Tage Thompson,BUF,RW,321.0,415.0,233.0,,433.0,397.0,50.0,247.0,313.0,351.0,380.0,277.0,,268.0,Bottom 6,38,527.16666666667,8,4,27,1997-10-30,USA,USA,78,220,2016,1,26,26,,
2020-2021,Tanner Jeannot,NSH,LW,170.0,188.0,,,362.0,112.0,292.0,20.0,452.0,256.0,394.0,23.0,,229.0,Bottom 6,14,172.63333333333,5,2,28,1997-05-29,CAN,CAN,74,208,-,-,-,-,,
2020-2021,Tanner Kero,DAL,C,414.0,91.0,,,417.0,97.0,392.0,409.0,376.0,356.0,411.0,261.0,,417.0,Bottom 6,39,413.38333333333,3,3,32,1992-07-24,USA,USA,72,185,-,-,-,-,,
2020-2021,Tanner Pearson,VAN,LW,174.0,432.0,121.0,121.0,172.0,436.0,116.0,151.0,273.0,289.0,186.0,187.0,,146.0,Second Line,51,870.66666666667,10,6,32,1992-08-10,CAN,CAN,73,201,2012,1,30,30,,
2020-2021,Taylor Hall,"BOS, BUF",LW,61.0,200.0,82.0,,46.0,147.0,25.0,231.0,41.0,26.0,45.0,341.0,,48.0,Second Line,53,946.56666666667,10,12,33,1991-11-14,CAN,CAN,73,210,2010,1,1,1,,
2020-2021,Teddy Blueger,PIT,C,297.0,41.0,,114.0,383.0,25.0,369.0,253.0,430.0,100.0,182.0,153.0,103.0,249.0,Bottom 6,43,638.55,7,13,30,1994-08-15,LVA,LVA,72,185,2012,2,22,52,,
2020-2021,Teuvo Teravainen,CAR,LW,22.0,290.0,239.0,146.0,3.0,220.0,83.0,190.0,119.0,15.0,206.0,429.0,,67.0,Second Line,21,345.26666666667,5,6,30,1994-09-11,FIN,FIN,71,191,2012,1,18,18,,
2020-2021,Tim Stutzle,OTT,LW,257.0,447.0,214.0,,321.0,443.0,218.0,249.0,312.0,240.0,161.0,305.0,,204.0,Second Line,53,834.2,12,9,23,2002-01-15,DEU,DEU,72,193,2020,1,3,3,,
2020-2021,Timo Meier,SJS,RW,21.0,288.0,98.0,,115.0,306.0,12.0,101.0,172.0,95.0,92.0,133.0,,70.0,Second Line,54,867.28333333333,12,10,28,1996-10-08,CHE,CHE,73,220,2015,1,9,9,,
2020-2021,Tobias Rieder,BUF,LW,360.0,137.0,,65.0,396.0,328.0,192.0,383.0,360.0,401.0,19.0,311.0,,344.0,Bottom 6,44,538.96666666667,5,1,32,1993-01-10,DEU,DEU,71,189,2011,4,23,114,,
2020-2021,Tom Wilson,WSH,RW,136.0,218.0,62.0,28.0,135.0,249.0,210.0,89.0,47.0,89.0,301.0,44.0,,95.0,Second Line,47,777.3,13,14,31,1994-03-29,CAN,CAN,76,220,2012,1,16,16,,
2020-2021,Tomas Hertl,SJS,C,44.0,154.0,94.0,25.0,26.0,230.0,155.0,45.0,264.0,77.0,159.0,339.0,18.0,43.0,First Line,50,956.78333333333,19,13,31,1993-11-12,CZE,CZE,75,215,2012,1,17,17,,
2020-2021,Tomas Nosek,VGK,LW,120.0,118.0,,105.0,100.0,121.0,173.0,202.0,42.0,354.0,261.0,124.0,147.0,260.0,Bottom 6,38,494.03333333333,8,3,32,1992-09-01,CZE,CZE,75,205,-,-,-,-,,
2020-2021,Tomas Tatar,MTL,LW,25.0,45.0,81.0,,2.0,26.0,133.0,99.0,319.0,41.0,282.0,197.0,,101.0,Bottom 6,50,749.35,10,12,34,1990-12-01,SVK,SVK,70,173,2009,2,30,60,,
2020-2021,Travis Boyd,"TOR, VAN",C,278.0,203.0,,,272.0,256.0,434.0,258.0,81.0,168.0,16.0,333.0,111.0,368.0,Bottom 6,39,418.36666666667,5,2,31,1993-09-14,USA,USA,72,190,2011,6,26,177,,
2020-2021,Travis Konecny,PHI,RW,62.0,150.0,55.0,,65.0,116.0,115.0,83.0,153.0,53.0,108.0,237.0,,82.0,Second Line,50,794.8,11,12,28,1997-03-11,CAN,CAN,70,175,2015,1,24,24,,
2020-2021,Travis Zajac,"NJD, NYI",C,295.0,337.0,287.0,67.0,104.0,364.0,441.0,304.0,392.0,349.0,229.0,276.0,30.0,262.0,Second Line,46,754.9,8,5,40,1985-05-13,CAN,CAN,74,185,2004,1,20,20,,
2020-2021,Trent Frederic,BOS,C,436.0,214.0,,,436.0,265.0,391.0,384.0,433.0,444.0,387.0,102.0,,438.0,Bottom 6,42,472.71666666667,4,1,27,1998-02-11,USA,USA,75,214,2016,1,29,29,,
2020-2021,Trevor Lewis,WPG,C,285.0,126.0,,133.0,356.0,120.0,124.0,353.0,245.0,371.0,54.0,116.0,,341.0,Bottom 6,56,552.35,5,2,38,1987-01-08,USA,USA,73,201,2006,1,17,17,,
2020-2021,Trevor Moore,LAK,C,238.0,361.0,,118.0,307.0,325.0,223.0,261.0,196.0,217.0,128.0,215.0,,292.0,Bottom 6,56,814.11666666667,10,10,30,1995-03-31,USA,USA,70,195,-,-,-,-,,
2020-2021,Trevor Zegras,ANA,C,187.0,310.0,220.0,,346.0,245.0,147.0,399.0,99.0,43.0,428.0,430.0,169.0,235.0,Bottom 6,24,369.53333333333,3,8,24,2001-03-20,USA,USA,72,185,2019,1,9,9,,
2020-2021,Troy Terry,ANA,RW,219.0,231.0,206.0,,148.0,191.0,304.0,355.0,18.0,97.0,9.0,453.0,,290.0,Bottom 6,48,705.55,7,10,27,1997-09-10,USA,USA,72,185,2015,5,27,148,,
2020-2021,Ty Dellandrea,DAL,C,442.0,149.0,,,401.0,193.0,366.0,373.0,395.0,408.0,449.0,96.0,166.0,412.0,Bottom 6,26,324.63333333333,3,2,24,2000-07-21,CAN,CAN,73,195,2018,1,13,13,,
2020-2021,Tyler Bozak,STL,C,333.0,110.0,252.0,88.0,355.0,177.0,345.0,246.0,317.0,108.0,230.0,357.0,15.0,187.0,Bottom 6,31,462.3,5,8,39,1986-03-19,CAN,CAN,73,187,-,-,-,-,,
2020-2021,Tyler Ennis,EDM,C,181.0,297.0,245.0,,296.0,281.0,131.0,203.0,209.0,165.0,78.0,127.0,,246.0,Bottom 6,30,363.78333333333,3,3,35,1989-10-06,CAN,CAN,69,160,2008,1,26,26,,
2020-2021,Tyler Graovac,VAN,C,343.0,452.0,,,451.0,453.0,272.0,76.0,293.0,391.0,376.0,183.0,172.0,375.0,Bottom 6,14,136.15,3,1,32,1993-04-27,CAN,CAN,77,208,2011,7,10,191,,
2020-2021,Tyler Johnson,TBL,C,143.0,198.0,156.0,,154.0,123.0,225.0,171.0,115.0,135.0,241.0,216.0,57.0,208.0,Bottom 6,55,751.5,8,10,34,1990-07-29,USA,USA,68,185,-,-,-,-,,
2020-2021,Tyler Motte,VAN,C,205.0,318.0,,53.0,332.0,448.0,274.0,218.0,426.0,347.0,194.0,13.0,,218.0,Second Line,24,384.41666666667,6,3,30,1995-03-10,USA,USA,70,192,2013,4,30,121,,
2020-2021,Tyler Pitlick,ARI,C,270.0,28.0,272.0,119.0,353.0,128.0,281.0,290.0,349.0,283.0,165.0,72.0,,261.0,Second Line,38,621.81666666667,6,4,33,1991-11-01,USA,USA,74,200,2010,2,1,31,,
2020-2021,Tyler Toffoli,MTL,"C, RW",20.0,256.0,74.0,173.0,54.0,142.0,17.0,17.0,162.0,187.0,258.0,251.0,,51.0,Second Line,52,911.23333333333,28,9,33,1992-04-24,CAN,CAN,72,203,2010,2,17,47,,
2020-2021,Tyson Jost,COL,C,149.0,48.0,265.0,158.0,110.0,23.0,144.0,314.0,225.0,207.0,40.0,244.0,152.0,272.0,Bottom 6,54,762.05,7,8,27,1998-03-14,CAN,CAN,71,187,2016,1,10,10,,
2020-2021,Valeri Nichushkin,COL,RW,131.0,8.0,207.0,164.0,12.0,6.0,170.0,250.0,230.0,352.0,17.0,170.0,,237.0,Bottom 6,55,773.85,10,4,30,1995-03-04,RUS,RUS,76,210,2013,1,10,10,,
2020-2021,Valtteri Filppula,DET,C,406.0,376.0,208.0,178.0,379.0,352.0,453.0,318.0,247.0,324.0,205.0,425.0,108.0,335.0,Second Line,38,592.7,6,4,41,1984-03-20,FIN,FIN,72,189,2002,3,32,95,,
2020-2021,Victor Olofsson,BUF,LW,354.0,401.0,178.0,,336.0,370.0,160.0,164.0,200.0,146.0,346.0,449.0,,127.0,Second Line,56,974.0,13,13,29,1995-07-18,SWE,SWE,71,181,2014,7,1,181,,
2020-2021,Victor Rask,MIN,C,289.0,173.0,228.0,,119.0,69.0,397.0,259.0,66.0,296.0,58.0,330.0,117.0,347.0,Bottom 6,54,780.0,10,7,32,1993-03-01,SWE,SWE,74,199,2011,2,12,42,,
2020-2021,Viktor Arvidsson,NSH,RW,46.0,279.0,122.0,193.0,48.0,279.0,21.0,102.0,114.0,149.0,25.0,411.0,,94.0,Second Line,49,814.7,10,12,32,1993-04-08,SWE,SWE,70,185,2014,4,22,112,,
2020-2021,Vincent Trocheck,CAR,C,78.0,195.0,43.0,129.0,86.0,181.0,80.0,140.0,250.0,52.0,181.0,113.0,22.0,57.0,First Line,47,856.61666666667,17,14,31,1993-07-11,USA,USA,71,184,2011,3,3,64,,
2020-2021,Vinnie Hinostroza,"CHI, FLA","C, LW",199.0,357.0,283.0,185.0,189.0,319.0,165.0,331.0,331.0,93.0,91.0,167.0,,267.0,Bottom 6,25,304.08333333333,3,6,31,1994-04-03,USA,USA,70,183,2012,6,18,169,,
2020-2021,Vitali Kravtsov,NYR,RW,437.0,440.0,,,440.0,427.0,384.0,394.0,389.0,446.0,444.0,412.0,,421.0,Bottom 6,20,247.93333333333,2,0,25,1999-12-23,RUS,RUS,75,186,2018,1,9,9,,
2020-2021,Vladimir Tarasenko,STL,RW,189.0,327.0,177.0,,334.0,392.0,36.0,211.0,222.0,94.0,227.0,262.0,,80.0,Second Line,24,418.08333333333,4,7,33,1991-12-13,RUS,RUS,73,228,2010,1,16,16,,
2020-2021,Vladislav Namestnikov,DET,C,395.0,158.0,174.0,79.0,373.0,251.0,305.0,237.0,235.0,345.0,315.0,136.0,198.0,205.0,Second Line,53,857.65,8,3,32,1992-11-22,RUS,RUS,72,179,2011,1,27,27,,
2020-2021,Wade Allison,PHI,RW,194.0,6.0,,,265.0,27.0,226.0,75.0,334.0,239.0,441.0,97.0,,211.0,Bottom 6,14,181.05,4,2,27,1997-10-14,CAN,CAN,74,205,2016,2,22,52,,
2020-2021,Warren Foegele,CAR,LW,103.0,246.0,,8.0,69.0,127.0,145.0,207.0,213.0,224.0,99.0,172.0,,251.0,Bottom 6,53,750.16666666667,10,7,29,1996-04-01,CAN,CAN,74,198,2014,3,7,67,,
2020-2021,Wayne Simmonds,TOR,RW,314.0,232.0,110.0,,218.0,244.0,136.0,225.0,253.0,395.0,374.0,70.0,,259.0,Bottom 6,38,455.45,7,0,36,1988-08-26,CAN,CAN,74,184,2007,2,31,61,,
2020-2021,William Carrier,VGK,LW,93.0,142.0,,,101.0,108.0,121.0,265.0,20.0,112.0,69.0,3.0,,358.0,Bottom 6,52,541.38333333333,6,8,30,1994-12-20,CAN,CAN,74,218,2013,2,27,57,,
2020-2021,William Karlsson,VGK,C,57.0,128.0,84.0,51.0,5.0,176.0,219.0,188.0,128.0,76.0,96.0,386.0,42.0,93.0,First Line,56,1045.4333333333,14,14,32,1993-01-08,SWE,SWE,72,190,2011,2,23,53,,
2020-2021,William Nylander,TOR,RW,23.0,285.0,50.0,,44.0,196.0,41.0,44.0,28.0,42.0,113.0,446.0,186.0,60.0,Second Line,51,846.63333333333,17,16,29,1996-05-01,CAN,SWE,72,204,2014,1,8,8,,
2020-2021,Yakov Trenin,NSH,C,256.0,58.0,,,359.0,80.0,220.0,341.0,420.0,233.0,434.0,46.0,,363.0,Bottom 6,44,510.36666666667,5,5,28,1997-01-13,RUS,RUS,74,201,2015,2,25,55,,
2020-2021,Yanni Gourde,TBL,C,88.0,79.0,226.0,4.0,59.0,45.0,208.0,135.0,272.0,85.0,197.0,219.0,178.0,155.0,Second Line,56,956.13333333333,17,17,33,1991-12-15,CAN,CAN,69,174,-,-,-,-,,
2020-2021,Yegor Sharangovich,NJD,C,280.0,394.0,217.0,128.0,386.0,395.0,235.0,165.0,357.0,374.0,289.0,438.0,,195.0,Second Line,54,907.6,16,6,27,1998-06-06,BLR,BLR,74,196,2018,5,17,141,,
2020-2021,Zach Aston-Reese,PIT,"C, LW",313.0,17.0,,50.0,385.0,9.0,178.0,252.0,415.0,412.0,334.0,50.0,,242.0,Bottom 6,45,658.03333333333,9,1,30,1994-08-10,USA,USA,73,205,-,-,-,-,,
2020-2021,Zach Hyman,TOR,LW,76.0,283.0,241.0,61.0,24.0,264.0,150.0,56.0,252.0,227.0,216.0,199.0,190.0,74.0,First Line,43,832.68333333333,15,7,33,1992-06-09,CAN,CAN,73,211,2010,5,3,123,,
2020-2021,Zach Parise,MIN,LW,167.0,139.0,117.0,154.0,222.0,138.0,96.0,111.0,219.0,184.0,15.0,393.0,,117.0,Bottom 6,45,627.6,7,6,40,1984-07-28,USA,USA,71,195,2003,1,17,17,,
2020-2021,Zach Sanford,STL,LW,269.0,44.0,240.0,175.0,358.0,94.0,290.0,130.0,211.0,337.0,242.0,128.0,,220.0,Bottom 6,52,774.3,10,3,30,1994-11-09,USA,USA,76,206,2013,2,31,61,,
2020-2021,Zack Kassian,EDM,RW,282.0,417.0,,198.0,270.0,289.0,388.0,273.0,148.0,228.0,432.0,31.0,,340.0,Bottom 6,27,320.08333333333,2,3,34,1991-01-24,CAN,CAN,75,211,2009,1,13,13,,
2020-2021,Zack MacEwen,VAN,C,441.0,312.0,,,400.0,350.0,336.0,447.0,328.0,448.0,438.0,36.0,,447.0,Bottom 6,34,293.78333333333,1,0,29,1996-07-08,CAN,CAN,75,205,-,-,-,-,,
